mouth_ulcer_not_healing,red_or_white_patches,mouth_pain,tongue_pain,difficulty_swallowing,jaw_stiffness,loose_teeth,bleeding_in_mouth,neck_lump,ear_pain,bad_breath,sore_throat,toothache,gum_swelling,fever,weight_loss,oral_cancer
no,no,no,no,yes,yes,yes,no,no,yes,no,yes,yes,no,no,yes,no
yes,yes,yes,yes,yes,yes,no,no,yes,no,no,no,yes,yes,yes,no,yes
no,no,no,yes,yes,no,yes,yes,no,yes,no,no,no,yes,yes,no,no
no,yes,yes,yes,no,yes,yes,no,yes,yes,yes,yes,no,no,no,no,yes
no,no,yes,yes,yes,yes,yes,no,yes,no,yes,no,no,yes,yes,no,yes
yes,yes,no,no,no,no,no,yes,no,yes,no,no,yes,yes,yes,no,no
no,yes,yes,yes,yes,yes,yes,no,yes,yes,no,no,yes,yes,yes,yes,yes
no,no,yes,yes,yes,no,yes,no,no,no,yes,yes,no,no,no,no,no
no,yes,no,no,yes,no,yes,no,no,yes,yes,yes,yes,yes,yes,yes,no
yes,no,yes,no,no,yes,yes,yes,no,yes,no,no,no,no,yes,no,yes
no,no,no,yes,yes,yes,no,yes,yes,yes,yes,yes,no,yes,yes,yes,yes
yes,yes,yes,no,yes,no,no,no,yes,yes,no,yes,no,yes,no,no,yes
yes,yes,yes,no,no,yes,yes,yes,no,yes,no,yes,yes,no,yes,no,yes
yes,yes,yes,no,no,no,no,yes,no,no,yes,no,no,yes,no,no,no
yes,no,no,no,no,no,no,yes,no,yes,yes,no,yes,yes,no,no,no
no,yes,no,yes,no,no,no,yes,no,no,no,yes,no,yes,no,yes,no
yes,no,yes,no,yes,yes,no,yes,no,no,no,no,yes,yes,yes,no,no
no,yes,yes,no,no,no,yes,yes,yes,yes,no,no,yes,no,no,no,yes
no,yes,yes,yes,yes,no,no,yes,no,yes,yes,yes,no,yes,no,no,yes
yes,no,yes,no,yes,no,no,yes,yes,yes,yes,no,yes,yes,no,yes,yes
no,no,no,yes,yes,yes,yes,no,no,no,yes,yes,yes,yes,yes,no,no
yes,yes,no,yes,yes,yes,yes,no,yes,yes,no,yes,yes,no,no,yes,yes
yes,no,no,no,yes,yes,no,yes,no,yes,yes,no,no,no,yes,no,no
no,no,no,yes,yes,yes,yes,yes,yes,yes,no,yes,yes,yes,no,no,yes
no,no,yes,yes,yes,no,no,no,yes,yes,yes,no,yes,no,yes,no,no
no,no,yes,yes,no,yes,yes,no,yes,yes,no,no,yes,no,no,yes,yes
yes,no,no,no,yes,yes,yes,yes,yes,no,no,no,no,no,no,no,yes
yes,yes,yes,yes,no,yes,no,yes,no,no,no,no,no,no,yes,yes,yes
no,no,yes,no,yes,yes,no,no,yes,yes,no,yes,no,yes,yes,yes,no
yes,no,no,no,no,no,no,yes,no,yes,no,no,no,yes,no,no,no
yes,no,no,no,no,yes,no,no,yes,no,no,no,yes,no,yes,yes,no
yes,yes,yes,yes,yes,yes,no,yes,yes,no,no,yes,no,no,no,no,yes
no,no,no,yes,yes,no,yes,no,yes,yes,yes,no,no,no,no,no,no
no,no,no,no,no,yes,no,no,yes,yes,yes,no,yes,yes,no,yes,no
yes,no,yes,yes,no,no,no,no,yes,no,no,yes,yes,no,yes,yes,no
yes,yes,yes,no,yes,no,no,no,no,yes,no,no,no,no,no,yes,no
yes,yes,no,yes,no,yes,yes,yes,yes,yes,yes,yes,yes,no,yes,yes,yes
yes,no,no,yes,yes,yes,yes,no,no,no,no,no,yes,no,yes,no,no
yes,yes,no,yes,no,no,yes,no,no,yes,yes,yes,yes,no,yes,yes,no
no,no,yes,no,yes,no,yes,yes,no,yes,no,no,yes,no,no,no,no
yes,no,yes,no,no,no,no,no,no,yes,no,yes,no,yes,yes,no,no
yes,no,yes,yes,yes,yes,yes,yes,yes,no,no,yes,no,yes,yes,no,yes
yes,no,yes,yes,yes,no,no,yes,yes,no,no,yes,no,yes,no,no,yes
yes,no,no,no,yes,yes,no,no,yes,yes,yes,no,no,yes,no,yes,no
yes,yes,yes,yes,no,no,no,yes,yes,no,no,no,no,no,yes,yes,yes
yes,no,no,no,no,yes,no,no,yes,yes,no,no,yes,yes,yes,no,no
no,no,yes,no,yes,no,no,yes,yes,yes,yes,no,no,no,no,no,no
no,yes,no,no,yes,no,yes,yes,yes,yes,yes,no,no,yes,yes,yes,yes
no,no,no,no,no,no,no,no,yes,yes,no,no,no,no,no,yes,no
no,no,yes,yes,no,no,no,no,yes,no,no,yes,yes,no,no,no,no
yes,yes,no,yes,no,yes,yes,yes,no,yes,yes,yes,no,no,yes,yes,yes
yes,no,no,no,yes,no,no,yes,no,yes,yes,no,no,yes,yes,no,no
yes,no,yes,no,no,yes,no,yes,yes,yes,yes,no,no,yes,no,yes,yes
yes,yes,yes,no,yes,no,yes,no,no,no,no,no,no,yes,no,no,no
no,yes,no,yes,yes,yes,yes,yes,no,yes,yes,no,yes,no,yes,yes,yes
no,no,no,yes,no,no,yes,no,no,no,no,no,no,yes,yes,yes,no
no,no,no,yes,no,no,yes,yes,yes,yes,no,no,yes,yes,yes,no,no
yes,no,no,no,no,yes,no,yes,no,no,yes,no,yes,yes,no,yes,no
yes,yes,no,yes,no,yes,yes,no,yes,no,yes,yes,yes,yes,yes,yes,yes
yes,no,no,yes,yes,no,no,yes,yes,no,yes,yes,yes,no,no,no,no
no,yes,yes,no,no,no,yes,no,no,no,no,yes,no,yes,yes,yes,no
yes,yes,no,no,no,yes,no,no,no,no,yes,yes,no,yes,no,no,no
no,yes,no,no,no,yes,yes,no,no,yes,yes,no,no,yes,yes,yes,no
yes,no,no,no,yes,no,yes,yes,no,no,no,yes,yes,no,yes,yes,no
no,no,no,no,no,yes,yes,yes,no,yes,no,yes,no,no,no,no,no
no,no,yes,no,yes,no,yes,no,no,no,no,no,no,yes,yes,yes,no
yes,no,yes,no,yes,no,no,yes,yes,yes,yes,no,no,no,yes,no,yes
no,no,no,yes,no,no,no,no,no,no,yes,yes,yes,yes,no,no,no
no,yes,no,no,yes,no,no,no,yes,no,no,yes,yes,yes,yes,yes,no
yes,no,no,no,no,yes,yes,yes,no,no,yes,yes,no,yes,no,yes,no
yes,yes,yes,yes,yes,no,yes,yes,no,no,yes,yes,yes,no,no,yes,yes
no,no,no,yes,no,no,yes,no,yes,yes,yes,no,yes,no,no,no,no
no,no,yes,no,no,no,no,yes,no,no,no,yes,yes,yes,yes,no,no
yes,no,no,yes,no,yes,no,no,no,no,no,yes,yes,no,no,no,no
no,yes,no,yes,no,yes,yes,yes,no,yes,no,yes,no,no,no,yes,yes
yes,yes,yes,yes,yes,no,no,no,yes,yes,yes,yes,yes,yes,no,no,yes
yes,no,yes,no,yes,no,no,no,yes,no,yes,yes,no,no,yes,no,no
yes,yes,yes,yes,no,no,no,yes,yes,no,yes,no,yes,no,yes,no,yes
yes,no,no,yes,no,no,no,yes,yes,yes,yes,no,yes,yes,yes,no,no
yes,yes,yes,no,no,yes,yes,yes,no,yes,yes,no,no,no,no,yes,yes
no,no,yes,no,yes,yes,yes,yes,no,no,yes,yes,no,yes,no,yes,no
yes,yes,yes,no,no,yes,yes,no,yes,no,yes,no,no,yes,no,yes,yes
no,yes,no,yes,yes,no,yes,yes,yes,yes,no,no,yes,yes,no,no,yes
yes,no,no,no,no,yes,yes,yes,no,yes,no,no,no,yes,yes,yes,no
yes,yes,yes,no,no,yes,yes,yes,no,yes,yes,no,yes,yes,no,no,yes
no,yes,yes,no,yes,no,no,yes,no,yes,no,no,yes,yes,yes,yes,no
no,yes,no,yes,yes,no,yes,no,yes,yes,no,no,yes,yes,no,yes,yes
yes,yes,no,no,no,yes,no,no,yes,yes,no,yes,yes,no,yes,no,no
yes,yes,yes,yes,yes,no,yes,no,no,yes,no,yes,yes,yes,no,yes,yes
yes,no,no,yes,yes,yes,yes,yes,no,no,yes,yes,no,no,yes,no,yes
yes,yes,yes,no,yes,no,yes,no,yes,yes,yes,no,no,yes,yes,no,yes
no,yes,yes,no,no,no,yes,no,yes,no,no,no,no,no,no,yes,no
yes,yes,yes,yes,yes,no,no,yes,no,yes,yes,no,yes,no,yes,yes,yes
no,yes,yes,no,no,no,yes,no,no,no,no,no,yes,yes,no,yes,no
yes,yes,no,no,yes,no,no,no,no,no,yes,no,yes,yes,no,no,no
yes,yes,yes,no,yes,yes,yes,no,yes,yes,no,yes,yes,no,no,no,yes
no,yes,yes,yes,no,no,no,no,no,no,no,yes,no,no,no,yes,no
no,yes,no,yes,no,yes,yes,no,yes,no,no,no,yes,no,yes,yes,no
yes,no,yes,yes,no,no,yes,no,no,no,no,yes,yes,no,no,no,no
no,no,yes,yes,no,yes,no,yes,yes,yes,yes,no,no,no,yes,no,yes
no,yes,no,no,no,no,yes,yes,no,yes,no,no,no,no,no,yes,no
yes,yes,no,yes,yes,yes,no,yes,no,yes,no,no,no,yes,yes,yes,yes
yes,no,yes,no,yes,yes,no,no,yes,no,yes,yes,yes,yes,no,no,no
yes,no,yes,no,no,yes,no,no,yes,no,no,no,yes,no,no,yes,no
no,no,no,no,no,no,yes,yes,no,yes,no,no,no,no,yes,no,no
no,no,no,no,no,yes,no,no,no,no,no,yes,yes,no,yes,no,no
no,no,no,yes,no,no,no,no,yes,yes,no,yes,yes,no,yes,yes,no
yes,yes,yes,yes,yes,yes,yes,yes,yes,no,yes,yes,yes,no,no,yes,yes
yes,yes,no,no,no,yes,no,no,no,yes,yes,yes,yes,no,no,no,no
no,no,yes,no,no,yes,no,yes,yes,yes,yes,yes,yes,yes,yes,yes,no
no,no,yes,no,no,no,no,yes,no,no,yes,no,yes,yes,yes,no,no
yes,no,yes,yes,no,yes,no,yes,no,yes,no,yes,no,yes,no,no,yes
yes,no,no,yes,yes,no,yes,no,yes,yes,no,no,no,yes,no,no,yes
yes,yes,no,yes,no,no,yes,yes,no,no,yes,no,yes,yes,no,yes,no
no,yes,yes,yes,yes,no,yes,no,yes,no,no,no,yes,no,no,no,yes
yes,no,yes,no,no,no,yes,yes,no,yes,yes,no,yes,no,no,yes,no
no,yes,no,no,no,yes,no,yes,no,yes,yes,no,no,yes,no,yes,no
no,no,no,yes,yes,no,yes,no,yes,no,yes,yes,yes,yes,yes,yes,no
no,no,no,yes,no,no,no,yes,no,no,no,no,yes,yes,no,yes,no
yes,yes,yes,yes,no,yes,yes,yes,no,yes,no,yes,no,yes,no,yes,yes
no,yes,no,no,yes,no,yes,no,yes,yes,yes,no,no,yes,no,no,no
yes,yes,no,no,no,yes,no,yes,no,no,yes,no,yes,yes,no,no,no
no,no,no,no,no,no,no,no,yes,yes,no,no,no,yes,yes,no,no
no,yes,no,no,no,yes,no,yes,no,yes,yes,no,yes,no,yes,yes,no
no,yes,no,no,no,yes,no,no,no,no,no,yes,no,yes,yes,yes,no
yes,yes,yes,no,no,yes,yes,no,no,yes,no,no,no,no,yes,yes,yes
yes,no,no,no,yes,yes,no,no,no,no,yes,no,no,yes,no,no,no
no,no,yes,no,no,yes,yes,no,no,yes,yes,no,yes,yes,no,no,no
yes,no,yes,yes,no,no,yes,yes,yes,no,no,no,no,no,yes,yes,yes
no,no,no,yes,no,yes,no,yes,yes,yes,no,yes,yes,yes,no,no,no
no,no,no,no,no,no,yes,no,yes,no,no,yes,yes,yes,no,yes,no
no,no,no,yes,yes,yes,no,yes,no,yes,no,yes,no,yes,no,no,no
yes,no,yes,no,yes,yes,yes,yes,no,no,yes,yes,yes,yes,yes,no,yes
yes,yes,yes,no,no,yes,yes,no,no,no,no,yes,yes,no,yes,yes,no
yes,no,no,yes,no,no,yes,no,no,yes,no,no,yes,yes,yes,no,no
yes,yes,yes,yes,yes,yes,yes,yes,no,yes,yes,yes,no,yes,yes,no,yes
no,yes,no,no,yes,no,yes,no,no,yes,no,yes,yes,no,yes,yes,no
no,no,no,yes,yes,yes,yes,yes,yes,yes,no,yes,yes,yes,yes,no,yes
no,yes,yes,no,yes,no,yes,yes,no,yes,no,no,yes,no,yes,no,yes
no,no,yes,yes,no,yes,no,no,no,no,yes,yes,yes,yes,yes,no,no
yes,no,no,no,yes,no,yes,yes,no,yes,yes,yes,yes,yes,no,no,no
no,yes,no,no,no,yes,no,yes,no,yes,yes,yes,no,no,yes,no,no
no,yes,no,no,yes,yes,no,no,yes,yes,yes,yes,no,no,yes,no,no
no,no,no,yes,yes,yes,no,no,yes,no,yes,no,yes,yes,yes,yes,no
no,yes,no,yes,no,no,yes,yes,no,no,yes,yes,no,yes,yes,no,no
no,no,no,yes,no,no,no,yes,yes,no,yes,no,no,yes,no,yes,no
no,yes,no,yes,no,no,no,yes,yes,yes,no,yes,no,no,yes,yes,no
no,no,yes,yes,no,no,yes,no,no,yes,yes,no,yes,yes,no,yes,no
yes,yes,no,yes,yes,no,yes,no,no,yes,no,yes,yes,yes,no,yes,yes
no,no,yes,no,yes,yes,yes,yes,yes,no,yes,yes,no,yes,yes,no,yes
yes,no,no,no,no,no,yes,no,yes,yes,no,no,no,no,yes,yes,no
no,no,yes,yes,yes,yes,yes,no,yes,no,no,yes,no,no,yes,no,yes
no,yes,no,yes,yes,yes,no,yes,yes,no,no,no,no,yes,no,yes,yes
no,no,no,no,yes,no,yes,yes,no,yes,yes,yes,no,no,yes,yes,no
yes,yes,no,yes,no,no,yes,yes,no,yes,yes,no,no,yes,no,no,yes
no,no,yes,yes,no,no,no,yes,no,yes,yes,yes,yes,no,yes,no,no
yes,yes,no,yes,no,no,yes,yes,yes,no,no,no,no,no,no,no,yes
yes,yes,no,yes,yes,yes,no,no,yes,yes,no,yes,yes,yes,yes,no,yes
yes,yes,no,yes,no,no,no,yes,yes,no,yes,no,no,yes,yes,yes,no
yes,yes,no,no,yes,no,yes,yes,yes,no,yes,yes,no,no,yes,yes,yes
yes,yes,no,yes,yes,no,yes,no,yes,yes,yes,yes,no,no,no,yes,yes
yes,yes,no,yes,no,yes,no,no,no,no,no,yes,no,no,no,no,no
no,no,yes,no,yes,yes,no,yes,yes,no,no,no,yes,no,no,yes,no
yes,yes,yes,yes,yes,no,no,no,yes,no,yes,no,yes,no,yes,no,yes
yes,yes,no,yes,yes,no,no,no,no,no,yes,no,yes,no,no,no,no
no,yes,no,yes,yes,no,no,yes,no,no,no,no,no,yes,no,no,no
no,yes,no,yes,yes,yes,yes,no,yes,no,yes,yes,yes,yes,yes,no,yes
no,yes,no,yes,yes,no,yes,no,no,yes,yes,yes,no,no,yes,no,no
no,no,no,no,no,no,no,yes,yes,no,yes,no,no,yes,yes,no,no
yes,no,no,no,yes,no,yes,no,yes,no,no,no,no,no,yes,no,no
yes,yes,no,yes,yes,no,no,yes,no,yes,no,yes,yes,yes,no,no,yes
no,no,no,no,yes,yes,yes,no,no,no,yes,yes,yes,no,yes,no,no
yes,no,yes,no,yes,no,no,yes,no,no,yes,yes,no,yes,yes,no,no
yes,no,no,yes,no,yes,yes,no,no,yes,no,yes,no,yes,yes,no,no
no,yes,yes,yes,no,yes,no,no,no,no,yes,no,yes,no,no,yes,no
no,yes,no,no,yes,yes,yes,no,yes,no,no,no,yes,yes,no,yes,no
no,no,yes,no,yes,yes,yes,no,no,no,no,no,no,yes,yes,no,no
yes,yes,yes,no,yes,no,no,yes,yes,no,no,yes,no,no,no,yes,yes
yes,no,yes,no,yes,no,no,no,yes,yes,yes,no,yes,no,yes,no,no
yes,yes,yes,yes,yes,yes,no,no,yes,yes,yes,yes,no,no,yes,no,yes
no,no,yes,no,yes,yes,no,yes,no,yes,yes,yes,no,yes,no,no,no
yes,yes,no,no,no,no,yes,no,no,no,no,no,no,no,yes,no,no
no,no,no,no,yes,no,no,no,no,yes,no,no,yes,no,no,yes,no
no,yes,yes,yes,no,no,no,yes,yes,yes,yes,yes,no,yes,yes,no,yes
no,yes,yes,yes,yes,yes,yes,yes,yes,no,yes,yes,yes,yes,yes,no,yes
no,no,no,no,no,no,no,no,yes,yes,yes,yes,yes,yes,no,yes,no
yes,yes,no,no,yes,yes,yes,yes,yes,no,yes,no,yes,no,yes,no,yes
yes,no,yes,yes,yes,yes,no,yes,yes,no,yes,no,no,yes,yes,no,yes
no,yes,yes,no,yes,no,no,no,yes,yes,no,no,no,yes,no,no,no
yes,yes,no,yes,no,yes,yes,no,yes,yes,yes,yes,yes,yes,no,no,yes
yes,no,yes,yes,yes,yes,no,no,yes,yes,yes,yes,no,no,yes,no,yes
yes,no,yes,no,no,no,yes,yes,no,no,yes,yes,no,yes,no,yes,no
no,no,no,no,no,no,yes,yes,no,no,no,no,no,no,no,no,no
no,yes,yes,yes,yes,no,yes,no,yes,yes,no,yes,yes,no,no,no,yes
no,yes,yes,yes,no,yes,no,no,no,no,no,no,no,yes,no,yes,no
no,no,yes,yes,no,no,no,yes,no,no,no,yes,yes,no,yes,no,no
yes,yes,no,no,yes,yes,yes,no,no,no,yes,no,no,no,no,no,no
no,yes,no,yes,no,no,yes,no,no,yes,yes,no,no,yes,yes,yes,no
no,no,no,no,yes,yes,yes,no,no,no,no,yes,yes,yes,yes,no,no
no,yes,no,yes,yes,yes,no,yes,yes,no,yes,yes,no,yes,yes,no,yes
no,no,no,no,yes,yes,no,no,yes,yes,yes,no,yes,yes,no,yes,no
yes,yes,no,no,yes,yes,yes,no,no,no,no,no,no,no,yes,yes,no
no,no,yes,yes,yes,no,yes,no,yes,yes,no,no,yes,yes,yes,yes,yes
no,yes,no,no,yes,no,no,yes,yes,no,no,yes,no,yes,no,no,no
no,yes,no,yes,no,yes,yes,no,yes,yes,no,yes,yes,yes,no,yes,yes
yes,yes,no,yes,no,no,yes,no,no,no,no,no,no,no,yes,yes,no
yes,yes,no,yes,no,yes,yes,no,yes,no,no,yes,yes,no,yes,yes,yes
yes,no,yes,no,yes,no,no,yes,yes,yes,no,no,no,no,yes,yes,yes
no,yes,no,yes,no,no,yes,no,yes,no,no,yes,no,yes,no,no,no
no,no,yes,no,no,no,yes,yes,no,yes,no,yes,yes,yes,no,yes,no
yes,yes,no,yes,yes,no,yes,no,yes,no,yes,yes,no,no,no,yes,yes
yes,yes,yes,no,no,no,yes,yes,no,no,yes,yes,yes,yes,yes,no,no
yes,yes,no,no,yes,no,no,yes,yes,no,yes,yes,no,no,no,no,no
yes,yes,yes,yes,yes,no,no,yes,yes,no,yes,no,no,no,no,yes,yes
no,yes,yes,yes,yes,yes,yes,no,no,yes,yes,no,yes,yes,no,yes,yes
yes,no,yes,no,yes,no,no,yes,yes,yes,yes,no,yes,yes,no,no,yes
yes,yes,no,no,no,yes,yes,yes,yes,yes,no,no,no,yes,yes,no,yes
no,yes,yes,yes,no,yes,yes,no,no,yes,no,yes,no,no,yes,yes,yes
yes,no,yes,yes,no,no,no,no,yes,no,yes,no,yes,no,no,no,no
no,no,no,no,yes,no,no,yes,yes,no,yes,no,no,no,no,yes,no
no,no,no,yes,no,no,no,no,no,yes,yes,yes,yes,no,no,no,no
no,no,no,yes,no,no,yes,no,no,no,no,yes,no,no,yes,yes,no
no,yes,yes,yes,yes,no,yes,no,yes,no,no,no,no,no,yes,yes,yes
yes,yes,no,no,yes,no,no,no,no,yes,yes,no,no,yes,yes,yes,no
no,yes,yes,yes,no,yes,yes,no,no,yes,yes,yes,yes,no,yes,yes,yes
no,yes,no,no,yes,no,no,no,no,yes,yes,yes,yes,yes,yes,yes,no
no,no,no,yes,no,yes,no,no,yes,no,yes,no,yes,yes,no,yes,no
yes,no,no,no,yes,no,no,yes,no,yes,no,yes,no,yes,no,no,no
yes,yes,no,no,yes,yes,no,no,yes,yes,yes,yes,yes,yes,no,yes,yes
no,yes,no,no,no,yes,yes,yes,no,yes,no,yes,yes,no,no,yes,no
no,no,yes,yes,no,yes,no,no,yes,yes,no,yes,yes,yes,no,yes,no
no,yes,no,yes,no,no,yes,yes,no,yes,yes,yes,no,yes,no,yes,no
no,yes,yes,yes,no,yes,no,yes,yes,no,no,no,yes,no,no,no,yes
yes,no,yes,no,yes,yes,yes,no,no,yes,yes,no,yes,no,no,no,yes
yes,no,no,yes,no,no,yes,yes,yes,yes,yes,no,no,yes,no,yes,yes
no,no,no,yes,yes,yes,yes,yes,yes,yes,no,yes,yes,no,no,yes,yes
yes,yes,no,no,yes,yes,yes,yes,no,yes,yes,no,no,yes,no,no,yes
yes,no,no,no,no,no,yes,no,yes,yes,no,yes,yes,yes,no,no,no
no,yes,yes,no,yes,yes,no,no,yes,yes,no,yes,yes,no,yes,no,yes
no,yes,yes,yes,no,no,no,yes,no,yes,yes,yes,no,no,no,no,no
no,no,yes,yes,yes,yes,yes,no,no,yes,yes,yes,no,yes,no,yes,yes
no,no,yes,no,yes,no,yes,no,yes,yes,no,no,no,yes,no,no,no
no,yes,yes,no,yes,yes,no,yes,no,yes,no,yes,no,yes,yes,yes,yes
no,no,no,no,no,yes,yes,yes,no,yes,no,no,yes,yes,yes,yes,no
yes,no,no,no,yes,no,yes,yes,yes,yes,no,no,no,no,no,yes,yes
yes,yes,yes,yes,no,yes,yes,no,no,yes,yes,yes,yes,yes,no,yes,yes
yes,yes,no,no,no,no,yes,yes,yes,no,yes,no,yes,yes,yes,no,no
no,no,yes,no,no,yes,yes,no,yes,yes,yes,no,no,no,no,yes,no
yes,no,yes,yes,no,no,no,no,yes,yes,yes,no,yes,yes,no,no,no
no,no,no,yes,yes,yes,yes,no,yes,no,no,no,yes,no,no,no,no
no,no,yes,yes,no,no,yes,yes,no,yes,no,yes,no,yes,yes,no,no
yes,yes,no,yes,yes,no,no,yes,yes,yes,no,no,yes,yes,yes,yes,yes
yes,no,yes,yes,no,yes,no,yes,no,no,yes,no,no,yes,no,no,no
no,yes,yes,yes,no,yes,no,yes,no,yes,yes,yes,yes,yes,yes,yes,yes
yes,no,yes,yes,no,yes,yes,no,yes,yes,yes,no,no,yes,yes,yes,yes
yes,yes,no,yes,yes,no,yes,no,yes,no,no,yes,no,yes,no,yes,yes
yes,no,no,no,no,yes,yes,yes,yes,yes,yes,yes,yes,yes,no,yes,yes
no,yes,no,no,no,yes,no,no,yes,no,no,no,no,no,yes,no,no
yes,yes,yes,no,yes,no,yes,no,no,no,yes,yes,no,no,no,yes,no
no,no,yes,yes,no,no,yes,no,no,no,yes,no,yes,yes,no,no,no
yes,no,no,yes,no,no,yes,no,yes,yes,no,yes,yes,no,no,yes,no
yes,no,no,yes,no,no,no,yes,yes,no,no,no,no,no,yes,yes,no
no,no,no,no,no,yes,no,yes,yes,no,yes,yes,yes,no,no,yes,no
yes,yes,no,yes,no,yes,no,yes,no,no,no,no,yes,no,no,no,no
yes,yes,no,yes,no,yes,yes,no,yes,yes,yes,yes,yes,yes,yes,no,yes
no,yes,no,no,yes,yes,no,no,yes,no,no,yes,yes,yes,yes,yes,no
no,yes,no,yes,no,no,no,yes,no,no,yes,no,yes,yes,yes,no,no
no,no,yes,no,yes,no,no,no,no,yes,no,yes,yes,yes,yes,yes,no
yes,no,no,no,yes,no,no,no,yes,yes,yes,no,yes,no,no,yes,no
no,yes,yes,no,yes,no,yes,no,no,no,no,yes,yes,yes,yes,yes,no
yes,no,no,yes,no,no,no,no,no,no,yes,no,no,yes,no,yes,no
no,yes,yes,yes,no,no,no,yes,no,yes,yes,no,no,yes,yes,no,no
yes,yes,no,yes,yes,no,yes,yes,no,yes,no,yes,yes,yes,yes,no,yes
no,yes,no,no,yes,no,yes,yes,yes,no,yes,no,yes,no,yes,no,no
yes,no,no,no,yes,yes,no,no,yes,yes,yes,no,no,yes,yes,yes,no
yes,no,yes,yes,yes,yes,yes,yes,no,no,yes,yes,no,yes,no,yes,yes
yes,yes,no,no,no,yes,yes,yes,yes,yes,no,no,no,yes,no,no,yes
yes,no,yes,no,no,no,yes,yes,no,yes,no,yes,yes,yes,no,no,no
yes,yes,yes,no,yes,no,no,yes,yes,yes,yes,no,no,yes,no,no,yes
no,no,yes,no,no,yes,yes,yes,no,yes,yes,no,yes,yes,yes,no,no
yes,no,no,yes,yes,no,no,yes,no,yes,no,no,no,no,yes,yes,no
no,no,no,no,yes,no,yes,no,yes,no,yes,no,yes,no,no,no,no
no,yes,no,yes,yes,no,yes,yes,yes,yes,yes,yes,yes,yes,yes,yes,yes
no,yes,no,yes,yes,yes,no,yes,no,yes,no,yes,yes,no,yes,no,yes
no,no,no,no,yes,no,yes,no,no,yes,yes,no,no,yes,yes,yes,no
no,yes,no,no,yes,yes,yes,yes,yes,no,yes,no,yes,yes,yes,yes,yes
no,no,yes,no,yes,yes,no,no,no,no,yes,yes,yes,no,no,no,no
no,yes,no,no,no,no,no,yes,no,yes,no,yes,no,yes,no,no,no
no,no,yes,no,yes,no,yes,yes,no,no,no,no,no,yes,no,no,no
yes,no,yes,no,yes,no,yes,yes,yes,yes,no,no,no,yes,yes,yes,yes
yes,no,no,yes,yes,no,no,yes,no,yes,yes,yes,yes,yes,no,yes,no
yes,no,no,no,no,yes,yes,yes,no,yes,yes,no,yes,no,no,yes,no
yes,yes,yes,yes,no,no,no,yes,yes,yes,no,no,yes,yes,yes,yes,yes
yes,yes,yes,yes,no,yes,no,yes,yes,no,no,no,yes,no,no,yes,yes
yes,no,yes,no,yes,yes,no,yes,yes,yes,no,yes,no,no,yes,no,yes
no,yes,yes,yes,yes,yes,yes,yes,no,yes,yes,no,no,yes,no,yes,yes
no,no,yes,no,yes,yes,yes,no,no,no,yes,no,yes,no,no,yes,no
no,yes,no,no,no,yes,yes,no,no,no,no,yes,yes,no,no,no,no
yes,no,yes,yes,yes,yes,yes,yes,yes,no,no,yes,no,yes,yes,yes,yes
yes,yes,no,no,yes,yes,no,no,no,no,yes,yes,no,no,no,no,no
yes,no,no,yes,yes,no,yes,yes,no,no,no,yes,no,yes,yes,yes,no
no,yes,yes,yes,no,yes,yes,no,yes,no,yes,yes,no,yes,yes,no,yes
yes,no,yes,yes,yes,yes,no,yes,no,yes,yes,no,no,no,yes,no,yes
yes,yes,yes,yes,yes,no,no,yes,no,yes,yes,yes,no,no,yes,yes,yes
yes,yes,no,yes,yes,yes,yes,yes,no,yes,no,yes,yes,yes,yes,yes,yes
no,yes,yes,yes,no,no,yes,no,no,yes,yes,no,no,no,yes,no,no
yes,yes,yes,yes,yes,no,yes,yes,yes,no,yes,yes,yes,no,no,yes,yes
no,no,no,no,no,yes,no,yes,yes,no,no,yes,no,no,yes,yes,no
yes,no,yes,no,no,yes,no,no,yes,yes,no,yes,yes,yes,no,no,no
no,yes,no,yes,no,yes,no,yes,no,no,no,yes,yes,no,yes,no,no
yes,yes,no,no,no,yes,no,no,yes,no,no,yes,yes,yes,no,yes,no
no,no,no,no,yes,no,no,yes,yes,no,yes,yes,no,no,no,yes,no
no,no,no,no,yes,yes,yes,no,no,yes,no,no,yes,no,no,no,no
no,no,yes,yes,yes,no,yes,yes,no,yes,yes,no,no,yes,no,no,yes
yes,yes,yes,yes,yes,yes,no,no,no,yes,no,yes,yes,no,no,yes,yes
yes,yes,no,yes,no,yes,yes,yes,no,no,no,no,no,yes,yes,yes,yes
no,yes,yes,yes,no,no,no,no,yes,yes,yes,yes,no,yes,no,yes,no
yes,yes,yes,no,no,no,no,no,yes,yes,yes,no,yes,no,yes,yes,no
yes,yes,yes,no,no,yes,no,yes,no,yes,yes,yes,no,no,no,no,yes
yes,yes,yes,yes,yes,yes,no,yes,no,no,yes,yes,yes,yes,no,yes,yes
no,no,yes,yes,no,yes,yes,no,no,yes,yes,no,yes,no,no,no,no
no,no,no,yes,yes,no,yes,no,yes,yes,no,yes,yes,no,no,no,no
no,yes,no,yes,no,no,no,yes,yes,no,no,yes,yes,yes,no,yes,no
yes,yes,yes,no,yes,yes,yes,no,no,yes,no,yes,yes,no,yes,yes,yes
no,no,yes,no,no,no,no,yes,yes,yes,yes,yes,no,no,no,yes,no
yes,yes,no,no,no,yes,no,no,yes,yes,yes,yes,yes,yes,yes,no,no
no,yes,no,no,yes,yes,yes,no,no,no,yes,no,no,no,no,yes,no
yes,no,no,yes,yes,no,yes,no,no,no,yes,yes,no,yes,no,yes,no
no,yes,yes,yes,no,no,no,yes,yes,no,no,yes,no,no,no,yes,no
yes,no,no,no,yes,no,yes,yes,yes,yes,no,yes,yes,yes,no,yes,yes
yes,yes,yes,yes,yes,yes,yes,no,no,no,no,no,yes,no,yes,yes,yes
no,yes,no,no,no,no,yes,no,no,yes,yes,no,no,no,no,yes,no
no,no,no,no,no,no,yes,no,no,no,no,yes,yes,yes,no,no,no
yes,no,yes,no,no,no,no,yes,yes,yes,yes,no,no,no,yes,yes,no
no,no,no,no,yes,no,no,no,yes,no,no,no,yes,no,no,no,no
no,yes,yes,no,yes,yes,yes,yes,no,yes,yes,no,yes,yes,yes,no,yes
yes,no,no,yes,yes,yes,no,yes,no,no,yes,no,no,no,no,yes,no
no,no,yes,no,no,yes,yes,no,yes,yes,yes,no,yes,no,yes,no,no
yes,yes,no,no,yes,no,no,no,no,no,no,yes,no,yes,yes,yes,no
yes,yes,yes,no,yes,no,no,yes,yes,no,no,no,yes,yes,no,yes,yes
no,yes,no,yes,no,yes,no,yes,no,no,yes,no,yes,no,no,yes,no
no,yes,no,yes,yes,no,yes,no,no,no,yes,yes,no,yes,yes,no,no
yes,yes,no,no,no,yes,no,no,yes,no,no,no,yes,no,no,yes,no
no,yes,no,yes,yes,no,yes,no,yes,no,yes,yes,no,no,yes,yes,no
yes,yes,yes,no,yes,yes,no,yes,yes,no,no,yes,yes,no,yes,yes,yes
yes,no,yes,yes,yes,yes,yes,no,yes,yes,yes,no,yes,no,no,yes,yes
yes,no,yes,yes,no,yes,yes,yes,yes,yes,yes,no,no,no,yes,no,yes
no,no,no,yes,yes,no,no,no,no,yes,yes,yes,no,yes,yes,yes,no
no,no,yes,no,no,yes,yes,yes,yes,no,yes,yes,no,no,no,yes,no
no,no,no,no,no,no,yes,yes,yes,no,no,yes,no,no,yes,yes,no
yes,yes,no,yes,yes,yes,no,no,yes,no,no,yes,no,yes,yes,no,yes
no,no,yes,no,no,yes,no,yes,yes,no,no,no,no,no,no,no,no
no,no,yes,no,no,yes,no,yes,yes,yes,yes,no,no,no,no,yes,no
yes,yes,yes,yes,no,no,no,yes,no,no,yes,yes,no,no,no,no,no
yes,no,no,yes,yes,no,no,yes,no,yes,yes,no,yes,no,yes,no,no
no,yes,no,no,no,yes,no,yes,yes,yes,yes,yes,yes,no,no,no,no
no,yes,no,no,no,no,no,yes,no,no,no,yes,yes,yes,no,yes,no
yes,yes,yes,no,yes,no,yes,no,no,yes,no,yes,yes,no,no,no,yes
no,yes,no,no,yes,yes,yes,no,no,no,no,no,yes,no,no,yes,no
yes,yes,no,no,yes,yes,yes,no,no,yes,yes,yes,yes,no,yes,no,yes
no,yes,no,yes,yes,yes,no,no,yes,no,no,no,no,yes,yes,yes,no
yes,no,no,no,yes,no,no,yes,yes,yes,no,no,no,no,no,no,no
no,yes,no,yes,yes,yes,no,yes,yes,no,yes,no,no,yes,no,yes,yes
yes,no,no,yes,no,no,yes,no,yes,yes,no,yes,no,no,no,no,no
yes,yes,no,yes,no,yes,no,no,no,no,no,yes,no,yes,no,yes,no
no,yes,yes,yes,no,yes,no,no,no,no,yes,no,yes,no,no,no,no
no,yes,no,yes,yes,yes,yes,no,no,yes,yes,no,yes,no,yes,yes,yes
no,no,yes,yes,yes,no,yes,no,no,yes,no,no,yes,no,no,no,no
yes,yes,yes,no,no,no,no,yes,yes,no,no,yes,yes,yes,yes,no,no
yes,no,yes,yes,yes,yes,no,no,no,no,no,yes,yes,yes,yes,yes,no
no,yes,yes,yes,no,yes,yes,no,yes,no,no,no,no,yes,yes,yes,yes
yes,yes,yes,no,no,yes,no,yes,no,no,yes,yes,no,no,no,yes,no
no,no,no,yes,no,no,yes,no,yes,yes,no,no,no,yes,no,no,no
no,no,no,no,no,no,yes,no,yes,yes,yes,no,yes,yes,yes,no,no
yes,yes,no,yes,yes,yes,yes,no,no,yes,no,no,yes,no,no,yes,yes
no,yes,no,yes,yes,no,yes,yes,yes,yes,yes,yes,yes,yes,yes,yes,yes
yes,no,no,yes,no,no,yes,no,yes,yes,no,yes,yes,no,yes,yes,no
no,no,no,yes,no,no,yes,no,no,no,yes,yes,no,no,yes,yes,no
no,no,no,no,no,yes,yes,no,yes,yes,yes,yes,yes,yes,no,no,no
no,yes,no,yes,yes,no,no,yes,yes,no,no,no,yes,yes,no,yes,no
yes,no,yes,no,yes,no,yes,yes,yes,no,yes,no,no,yes,no,yes,yes
no,no,no,yes,no,no,yes,yes,no,yes,yes,yes,yes,yes,no,no,no
yes,yes,no,yes,no,no,yes,no,no,no,no,no,yes,yes,yes,no,no
no,yes,yes,no,no,yes,yes,yes,no,yes,no,yes,yes,yes,no,no,yes
yes,no,yes,yes,no,no,yes,yes,yes,no,no,no,no,no,no,no,yes
yes,yes,no,no,yes,no,no,yes,no,no,yes,no,yes,no,yes,no,no
no,yes,no,yes,no,yes,no,no,yes,no,no,no,yes,no,yes,no,no
yes,yes,no,yes,no,no,no,yes,no,no,no,no,no,yes,no,no,no
yes,yes,no,yes,yes,no,no,yes,yes,no,yes,no,no,yes,yes,no,yes
no,yes,no,yes,no,no,yes,no,yes,yes,no,yes,yes,yes,yes,no,no
yes,no,no,no,yes,yes,no,no,yes,yes,yes,no,yes,no,no,no,no
no,yes,yes,no,no,yes,yes,no,yes,yes,no,no,yes,yes,no,yes,yes
no,yes,no,no,yes,no,yes,yes,yes,yes,yes,yes,no,yes,no,yes,yes
yes,no,yes,no,no,no,no,no,no,yes,yes,yes,no,yes,yes,yes,no
no,no,yes,yes,no,yes,yes,yes,no,yes,yes,yes,no,no,yes,no,yes
yes,yes,yes,no,no,no,no,yes,yes,no,yes,no,no,yes,no,yes,no
yes,no,yes,no,yes,yes,yes,no,yes,yes,yes,no,no,no,no,no,yes
no,no,no,no,yes,yes,yes,yes,yes,yes,yes,yes,yes,yes,no,yes,yes
no,no,no,no,no,yes,no,no,no,no,yes,yes,no,no,no,no,no
no,no,no,yes,yes,no,no,yes,yes,no,no,yes,no,no,yes,no,no
no,no,no,no,no,yes,no,no,no,yes,yes,no,no,yes,yes,no,no
no,yes,no,no,yes,yes,no,no,no,no,no,no,yes,yes,no,no,no
yes,no,yes,yes,no,yes,no,yes,no,yes,no,yes,yes,yes,yes,yes,yes
no,yes,no,yes,yes,no,no,yes,no,no,yes,no,yes,no,no,no,no
yes,yes,yes,yes,yes,yes,yes,no,no,yes,yes,no,no,yes,yes,no,yes
yes,yes,no,no,no,yes,no,yes,yes,no,no,no,yes,yes,no,yes,no
no,yes,yes,no,yes,yes,yes,yes,no,yes,no,no,yes,yes,yes,no,yes
yes,no,yes,yes,no,no,yes,yes,yes,yes,yes,no,yes,no,yes,yes,yes
no,no,yes,yes,no,no,no,no,yes,yes,yes,yes,yes,yes,yes,no,no
yes,yes,no,yes,no,yes,yes,no,yes,no,no,no,yes,no,no,yes,yes
yes,no,yes,no,yes,no,no,yes,no,yes,no,yes,no,no,no,no,no
yes,yes,yes,no,yes,no,no,yes,no,yes,yes,yes,no,no,no,no,yes
yes,yes,no,yes,no,no,no,no,no,yes,yes,yes,no,no,yes,no,no
no,no,yes,yes,yes,yes,no,yes,no,no,no,yes,no,yes,yes,no,no
yes,no,yes,no,no,no,no,no,no,no,yes,yes,no,yes,no,yes,no
yes,no,no,no,no,no,no,no,yes,no,yes,no,no,no,no,yes,no
no,yes,yes,yes,no,no,yes,no,no,no,no,no,no,yes,no,yes,no
no,no,no,yes,yes,no,no,yes,no,yes,no,no,yes,no,yes,no,no
yes,yes,yes,yes,no,no,no,no,yes,yes,no,no,yes,no,yes,yes,yes
no,yes,yes,no,no,no,no,no,no,no,no,no,yes,yes,no,yes,no
no,no,no,no,yes,no,no,no,no,yes,no,no,yes,yes,no,no,no
yes,yes,yes,yes,yes,no,no,yes,yes,no,yes,no,no,yes,no,no,yes
yes,yes,no,no,yes,no,yes,no,yes,yes,yes,no,no,no,no,yes,yes
yes,yes,yes,yes,no,yes,no,no,no,no,yes,no,yes,yes,no,no,no
no,no,yes,yes,no,yes,no,no,yes,no,yes,no,yes,yes,no,yes,no
yes,yes,yes,yes,no,no,yes,yes,yes,no,yes,yes,yes,yes,yes,yes,yes
no,no,no,no,yes,no,no,yes,no,yes,yes,no,no,yes,no,yes,no
no,yes,yes,no,yes,no,no,yes,yes,no,yes,yes,yes,no,no,yes,no
no,yes,yes,yes,no,yes,yes,no,yes,yes,no,no,no,no,yes,yes,yes
no,no,yes,yes,yes,no,yes,no,no,no,yes,yes,no,yes,yes,yes,no
yes,no,yes,no,no,no,yes,yes,no,no,yes,yes,yes,no,no,no,no
yes,yes,yes,yes,yes,yes,no,no,yes,no,yes,yes,no,yes,no,yes,yes
no,no,no,yes,yes,yes,no,no,yes,yes,yes,yes,yes,yes,yes,yes,no
yes,no,yes,no,yes,no,no,yes,yes,no,no,no,no,no,yes,yes,no
no,no,yes,no,no,no,yes,no,no,no,yes,yes,yes,yes,yes,yes,no
yes,yes,no,no,no,no,yes,yes,yes,yes,no,yes,no,yes,no,yes,yes
yes,yes,yes,yes,no,no,no,no,no,no,yes,yes,yes,no,no,no,no
no,yes,yes,yes,no,no,yes,yes,yes,no,yes,no,no,no,no,no,yes
no,yes,no,no,no,yes,yes,yes,no,yes,yes,yes,yes,yes,no,yes,no
yes,yes,yes,yes,no,no,no,yes,yes,no,no,no,yes,no,no,yes,yes
no,yes,yes,no,no,yes,no,yes,no,no,no,yes,no,no,no,no,no
no,no,yes,yes,yes,yes,no,yes,yes,yes,no,no,no,no,no,yes,yes
yes,yes,yes,no,yes,no,no,no,no,no,no,yes,yes,no,yes,yes,no
yes,no,no,yes,yes,no,yes,yes,no,no,no,yes,yes,yes,no,no,no
no,yes,no,no,yes,no,yes,yes,no,no,yes,yes,no,yes,no,no,no
yes,no,yes,yes,no,no,no,yes,yes,yes,no,no,no,yes,yes,no,yes
no,yes,no,no,no,no,yes,yes,yes,yes,no,no,no,no,yes,no,no
yes,no,no,no,no,yes,yes,no,yes,no,yes,no,yes,yes,no,no,no
no,no,yes,no,yes,yes,yes,no,yes,no,no,yes,no,no,no,yes,no
yes,no,yes,no,yes,yes,yes,yes,no,yes,yes,no,no,yes,yes,yes,yes
yes,no,yes,yes,yes,no,yes,yes,yes,yes,yes,no,no,yes,yes,yes,yes
no,yes,yes,no,yes,yes,no,yes,no,no,no,no,yes,yes,no,no,no
no,no,no,no,no,no,no,no,no,yes,yes,no,yes,yes,yes,yes,no
yes,yes,yes,no,no,no,yes,yes,yes,yes,no,yes,no,no,no,yes,yes
yes,no,yes,no,yes,no,no,yes,no,yes,no,yes,yes,yes,no,no,no
no,no,yes,no,yes,no,yes,no,no,yes,no,yes,no,no,yes,yes,no
yes,no,yes,yes,yes,no,yes,yes,yes,yes,yes,no,no,yes,yes,no,yes
no,no,no,yes,yes,no,yes,no,yes,no,no,yes,no,yes,yes,yes,no
yes,no,yes,no,yes,no,yes,no,yes,yes,yes,yes,no,yes,no,yes,yes
no,yes,yes,no,yes,no,no,yes,yes,no,yes,no,yes,no,yes,yes,no
yes,yes,no,yes,yes,no,yes,no,yes,yes,no,yes,no,yes,no,yes,yes
no,no,no,no,yes,yes,no,yes,no,no,no,no,yes,yes,yes,yes,no
no,no,no,yes,no,yes,yes,yes,no,yes,no,no,yes,no,no,no,no
yes,yes,yes,no,no,yes,yes,no,yes,no,yes,no,yes,yes,yes,yes,yes
no,yes,no,no,no,no,yes,yes,yes,no,no,yes,yes,no,no,no,no
yes,yes,no,no,yes,yes,no,no,yes,yes,yes,yes,yes,yes,no,yes,yes
yes,no,yes,no,no,no,yes,yes,yes,yes,yes,yes,yes,yes,yes,yes,yes
no,yes,no,no,no,yes,yes,yes,no,no,yes,no,yes,yes,no,no,no
no,no,yes,no,yes,no,yes,no,no,yes,yes,yes,no,no,no,no,no
yes,yes,yes,yes,no,no,no,yes,no,yes,yes,no,no,no,yes,yes,yes
no,yes,no,yes,yes,yes,no,yes,yes,yes,no,yes,yes,no,yes,yes,yes
no,no,yes,no,yes,no,yes,yes,no,no,yes,yes,no,yes,yes,yes,no
yes,yes,yes,no,no,no,yes,no,yes,yes,no,no,yes,no,no,yes,yes
yes,yes,no,no,no,no,no,no,no,no,yes,no,yes,yes,yes,no,no
no,yes,no,yes,yes,no,yes,yes,no,no,yes,yes,no,no,yes,no,no
yes,yes,yes,yes,yes,yes,no,no,yes,no,no,no,yes,yes,yes,no,yes
yes,no,no,yes,no,no,yes,no,no,yes,no,no,yes,no,yes,yes,no
yes,yes,no,no,yes,no,yes,yes,no,no,no,no,no,yes,no,no,no
no,yes,no,no,yes,yes,yes,no,no,no,no,yes,yes,yes,yes,no,no
yes,no,yes,yes,yes,yes,no,yes,no,yes,yes,no,yes,yes,yes,no,yes
no,yes,yes,yes,no,yes,yes,no,yes,yes,yes,no,yes,yes,no,yes,yes
no,no,yes,yes,no,no,yes,yes,no,no,no,no,no,yes,yes,no,no
no,no,no,no,yes,no,no,no,yes,no,no,no,yes,yes,no,yes,no
no,no,no,no,no,yes,yes,yes,yes,no,no,no,no,no,no,no,no
yes,no,no,no,no,no,yes,no,yes,no,no,yes,no,yes,yes,no,no
no,no,yes,no,no,no,no,no,no,no,yes,no,yes,yes,no,yes,no
yes,yes,no,no,yes,no,no,yes,no,no,yes,no,no,yes,no,no,no
no,yes,no,yes,no,yes,yes,yes,no,yes,yes,yes,no,yes,yes,no,yes
yes,yes,yes,yes,yes,yes,no,no,yes,no,yes,no,no,yes,no,yes,yes
yes,yes,no,no,yes,no,no,no,yes,no,yes,no,no,no,no,no,no
no,no,no,no,yes,yes,yes,yes,no,no,no,yes,yes,yes,yes,no,no
yes,yes,no,no,yes,no,no,no,yes,no,no,yes,no,yes,no,no,no
yes,yes,yes,yes,yes,yes,yes,yes,no,no,yes,yes,no,no,yes,no,yes
yes,yes,yes,yes,no,yes,yes,no,no,no,no,yes,no,no,no,yes,yes
no,no,yes,no,yes,no,yes,no,yes,no,yes,no,no,no,no,no,no
yes,no,no,no,yes,yes,no,no,yes,yes,no,no,yes,no,no,no,no
yes,yes,no,yes,no,no,yes,yes,no,yes,yes,no,yes,no,no,no,yes
yes,yes,no,no,no,no,no,no,no,yes,yes,yes,no,yes,no,yes,no
no,no,yes,yes,yes,no,yes,no,yes,no,yes,no,yes,yes,yes,no,no
no,yes,yes,yes,yes,yes,no,yes,yes,yes,yes,yes,no,yes,yes,yes,yes
no,yes,no,yes,yes,yes,no,yes,no,yes,yes,yes,no,yes,no,no,yes
yes,yes,no,yes,yes,no,no,no,yes,yes,no,yes,no,yes,no,yes,yes
yes,no,no,no,yes,no,yes,no,yes,no,no,no,no,yes,no,no,no
no,no,no,yes,no,yes,no,no,no,yes,no,no,no,yes,yes,yes,no
no,yes,yes,yes,yes,yes,no,yes,no,no,yes,yes,yes,yes,yes,no,yes
no,yes,yes,yes,yes,no,no,yes,yes,no,no,yes,no,yes,no,yes,yes
yes,no,no,no,no,no,yes,yes,no,yes,yes,yes,yes,no,yes,yes,no
yes,yes,yes,no,yes,yes,yes,no,no,yes,no,no,yes,yes,yes,yes,yes
yes,no,yes,no,yes,no,yes,no,yes,yes,yes,yes,no,no,yes,yes,yes
no,no,yes,no,yes,yes,yes,yes,yes,no,no,yes,yes,yes,no,no,yes
no,no,no,yes,no,yes,yes,yes,yes,yes,no,no,yes,yes,yes,yes,yes
no,yes,no,no,no,yes,no,no,no,yes,no,yes,yes,yes,no,yes,no
no,no,yes,yes,yes,yes,no,no,no,no,no,no,no,no,no,no,no
yes,no,yes,no,yes,yes,yes,no,no,yes,no,yes,yes,yes,no,yes,yes
no,no,yes,no,yes,yes,yes,no,no,yes,yes,yes,no,yes,no,yes,no
yes,no,yes,yes,yes,no,no,no,no,no,yes,no,yes,yes,yes,no,no
no,no,yes,yes,yes,yes,yes,yes,yes,yes,yes,no,yes,yes,no,yes,yes
no,no,no,no,yes,yes,no,yes,yes,no,no,no,no,no,no,no,no
yes,yes,yes,yes,yes,yes,yes,yes,yes,no,no,yes,yes,no,yes,yes,yes
yes,yes,no,yes,yes,no,yes,yes,yes,no,no,no,no,no,no,no,yes
yes,yes,yes,no,no,no,yes,no,no,yes,no,yes,no,yes,yes,yes,no
yes,yes,yes,no,yes,no,no,yes,no,yes,no,yes,yes,yes,no,yes,yes
no,no,yes,no,yes,no,yes,yes,no,yes,no,no,yes,no,yes,yes,no
no,yes,yes,no,no,no,yes,no,yes,yes,yes,no,no,no,no,yes,no
yes,no,no,yes,yes,no,yes,no,yes,yes,no,yes,no,yes,no,yes,yes
no,no,no,yes,no,yes,yes,yes,yes,yes,yes,no,yes,no,no,no,yes
no,yes,yes,no,no,yes,yes,no,no,yes,no,no,no,no,yes,no,no
yes,no,yes,no,no,no,yes,yes,yes,yes,no,yes,no,no,no,no,yes
no,yes,no,yes,no,no,yes,yes,yes,yes,no,yes,no,no,yes,yes,yes
no,yes,no,yes,yes,yes,no,yes,no,no,no,yes,no,yes,no,yes,no
no,yes,no,yes,yes,no,no,no,yes,no,no,yes,yes,no,yes,yes,no
yes,yes,no,no,yes,no,no,no,no,no,yes,yes,no,no,yes,no,no
yes,no,no,no,yes,no,no,yes,no,yes,yes,no,no,no,yes,no,no
no,yes,no,no,yes,yes,yes,no,yes,yes,no,no,yes,yes,no,no,yes
yes,no,yes,yes,no,yes,no,yes,yes,yes,yes,no,no,no,yes,no,yes
no,yes,no,no,yes,no,yes,yes,no,no,no,no,yes,no,no,yes,no
no,no,yes,yes,no,no,yes,yes,no,no,no,no,no,yes,no,yes,no
no,no,yes,yes,yes,yes,no,yes,no,no,no,yes,no,yes,yes,yes,no
no,yes,yes,no,yes,no,no,no,no,no,yes,yes,no,no,yes,yes,no
no,yes,no,yes,no,no,yes,yes,no,no,no,no,no,yes,yes,yes,no
yes,yes,yes,yes,no,yes,yes,yes,no,no,yes,yes,no,no,no,no,yes
yes,yes,yes,yes,no,no,yes,yes,no,yes,yes,no,yes,no,no,yes,yes
no,no,no,no,yes,no,yes,yes,yes,no,no,no,yes,no,no,yes,no
no,no,no,no,yes,no,no,no,no,no,no,no,no,yes,no,yes,no
no,no,no,yes,no,yes,no,yes,yes,yes,no,no,yes,yes,no,yes,no
no,yes,no,no,yes,no,yes,no,yes,yes,yes,no,yes,yes,no,no,no
yes,no,yes,no,yes,no,no,no,yes,yes,yes,yes,no,yes,yes,yes,no
yes,yes,no,yes,no,yes,yes,yes,no,yes,no,yes,yes,no,no,yes,yes
no,no,no,no,no,no,yes,no,no,no,no,yes,no,no,yes,yes,no
no,no,no,yes,no,no,yes,no,yes,yes,yes,no,no,yes,no,no,no
no,no,no,yes,no,no,yes,no,yes,no,no,yes,no,no,yes,no,no
yes,no,yes,yes,yes,yes,no,yes,yes,no,yes,yes,no,yes,yes,no,yes
no,yes,no,no,yes,no,no,yes,no,no,yes,no,no,yes,no,yes,no
no,no,no,no,yes,no,yes,yes,yes,yes,no,yes,yes,yes,yes,no,no
no,yes,yes,no,yes,no,yes,no,no,yes,yes,no,no,no,no,no,no
yes,no,no,no,yes,no,no,yes,no,no,no,no,no,no,no,yes,no
no,no,yes,no,no,yes,yes,yes,no,no,no,no,yes,no,no,yes,no
no,no,no,no,yes,no,yes,yes,yes,no,yes,yes,yes,no,no,no,no
no,no,no,yes,no,no,no,no,no,no,yes,no,yes,yes,no,no,no
yes,yes,yes,yes,yes,no,yes,yes,no,yes,no,yes,yes,no,no,no,yes
yes,yes,yes,no,yes,yes,yes,yes,no,no,no,no,no,no,yes,no,yes
no,yes,yes,no,yes,yes,yes,no,yes,no,yes,no,yes,yes,no,no,yes
yes,yes,yes,yes,no,no,no,yes,no,yes,yes,no,yes,yes,yes,no,yes
yes,yes,yes,no,yes,yes,yes,no,no,yes,no,yes,no,no,no,no,yes
no,no,no,no,yes,no,no,yes,no,no,no,no,yes,yes,yes,yes,no
no,yes,yes,yes,no,yes,no,yes,yes,no,no,no,no,yes,yes,no,yes
yes,no,no,no,yes,no,no,no,yes,yes,no,yes,no,no,no,no,no
yes,yes,no,yes,yes,no,yes,yes,yes,no,yes,no,no,no,no,no,yes
no,no,yes,yes,yes,no,no,no,no,yes,yes,yes,yes,no,yes,yes,no
no,no,yes,yes,no,no,yes,no,no,no,yes,no,no,yes,no,no,no
yes,no,yes,yes,no,no,yes,no,yes,yes,yes,no,yes,yes,no,yes,yes
yes,no,no,yes,no,no,yes,no,no,yes,no,yes,yes,yes,yes,no,no
no,no,no,yes,no,no,no,yes,yes,yes,yes,yes,yes,yes,yes,yes,no
no,yes,yes,yes,no,no,yes,yes,no,yes,yes,no,yes,yes,no,yes,yes
no,no,no,no,no,yes,no,yes,no,yes,no,no,yes,no,no,no,no
no,yes,yes,no,yes,no,yes,no,yes,yes,no,yes,yes,yes,yes,yes,yes
yes,no,yes,yes,yes,no,yes,no,no,yes,no,yes,yes,yes,yes,yes,yes
yes,yes,yes,no,no,yes,yes,no,yes,yes,yes,yes,yes,yes,no,no,yes
yes,yes,yes,no,no,no,yes,yes,no,no,yes,yes,no,no,no,yes,no
no,yes,no,no,no,yes,no,no,no,yes,no,no,yes,yes,yes,no,no
yes,yes,yes,no,yes,yes,yes,no,yes,yes,yes,no,yes,no,no,yes,yes
yes,no,yes,yes,yes,yes,no,yes,yes,no,yes,no,no,yes,yes,yes,yes
no,no,yes,no,yes,no,no,yes,yes,yes,yes,no,no,yes,yes,no,no
no,no,yes,yes,no,yes,no,yes,no,no,no,no,yes,no,no,yes,no
yes,no,no,no,yes,yes,no,yes,no,no,yes,no,yes,yes,yes,yes,no
yes,no,no,no,yes,yes,yes,yes,yes,no,yes,yes,yes,no,yes,yes,yes
yes,no,yes,no,no,no,no,no,yes,yes,yes,no,yes,yes,yes,no,no
yes,yes,no,yes,yes,yes,yes,yes,yes,no,no,yes,no,yes,yes,no,yes
yes,yes,no,yes,no,no,no,no,no,yes,no,yes,yes,no,no,yes,no
no,yes,no,no,no,yes,no,no,no,no,no,no,no,yes,yes,yes,no
no,yes,yes,no,yes,yes,yes,no,no,yes,no,yes,no,yes,yes,no,yes
yes,no,no,no,no,no,yes,no,yes,yes,no,no,yes,yes,no,no,no
no,yes,yes,no,no,yes,yes,no,yes,yes,yes,yes,yes,no,yes,yes,yes
yes,no,yes,yes,yes,yes,no,no,yes,no,yes,no,no,no,yes,no,yes
yes,yes,no,no,yes,no,yes,no,yes,yes,yes,no,no,yes,yes,no,yes
no,yes,yes,yes,no,no,yes,no,no,yes,yes,yes,no,no,yes,no,no
yes,yes,no,yes,yes,no,no,no,yes,yes,no,yes,no,yes,yes,no,yes
yes,yes,no,no,no,no,no,no,no,no,no,no,yes,yes,yes,yes,no
no,yes,yes,yes,no,yes,no,yes,no,yes,no,yes,no,yes,no,no,yes
yes,no,no,no,yes,no,yes,yes,yes,yes,yes,no,yes,no,yes,yes,yes
yes,no,no,yes,yes,no,no,no,yes,yes,yes,no,no,no,yes,yes,no
no,yes,yes,yes,no,no,no,yes,yes,no,yes,yes,no,no,yes,no,no
no,yes,no,no,yes,yes,yes,yes,no,yes,no,yes,no,yes,yes,yes,yes
yes,no,yes,yes,no,yes,no,yes,no,yes,no,yes,no,yes,no,yes,yes
no,no,no,no,no,no,yes,no,yes,yes,no,yes,yes,no,yes,no,no
no,yes,no,yes,yes,no,no,no,yes,no,yes,no,no,no,no,yes,no
no,yes,yes,yes,no,yes,yes,yes,yes,no,no,no,no,no,no,yes,yes
yes,yes,no,no,no,yes,yes,no,no,yes,no,yes,no,no,yes,no,no
yes,no,yes,no,yes,yes,yes,no,no,no,no,yes,yes,yes,yes,yes,no
yes,no,no,no,no,no,no,no,no,no,yes,no,no,yes,no,no,no
no,yes,yes,yes,no,no,no,yes,yes,yes,yes,yes,yes,no,no,yes,yes
yes,no,yes,no,yes,yes,yes,yes,yes,no,yes,no,yes,yes,no,yes,yes
yes,no,no,yes,no,no,no,yes,yes,yes,no,yes,yes,no,yes,no,no
yes,yes,no,no,yes,yes,yes,no,no,no,yes,yes,no,yes,yes,yes,no
no,no,yes,no,no,yes,no,yes,no,no,no,no,no,yes,yes,yes,no
no,yes,yes,yes,yes,no,yes,yes,yes,yes,yes,no,yes,no,yes,yes,yes
no,yes,yes,no,yes,yes,yes,yes,yes,yes,no,yes,yes,no,no,no,yes
yes,no,no,yes,no,yes,no,no,yes,no,yes,no,yes,no,no,yes,no
yes,no,yes,yes,no,no,yes,no,no,no,yes,no,yes,yes,no,yes,no
yes,no,no,yes,no,yes,no,no,yes,yes,no,yes,no,no,yes,no,no
no,no,yes,yes,yes,no,no,no,yes,yes,yes,no,yes,yes,yes,no,no
no,no,yes,yes,yes,no,yes,no,yes,no,no,yes,yes,yes,no,no,no
no,yes,no,no,no,no,no,no,no,yes,yes,no,no,no,yes,yes,no
yes,yes,yes,no,no,yes,yes,yes,no,no,no,yes,yes,yes,yes,no,yes
no,yes,yes,yes,yes,yes,yes,no,yes,yes,no,no,yes,yes,no,yes,yes
yes,no,yes,yes,yes,yes,yes,no,yes,no,no,no,yes,yes,yes,no,yes
yes,yes,no,no,no,no,yes,yes,no,yes,yes,no,yes,yes,yes,no,no
no,no,no,yes,no,no,no,no,yes,yes,yes,no,no,no,yes,yes,no
no,no,yes,no,yes,no,no,no,no,no,yes,no,yes,no,yes,no,no
no,no,yes,yes,yes,yes,yes,no,yes,no,yes,no,yes,yes,no,no,yes
no,no,yes,no,yes,yes,no,no,yes,yes,yes,no,no,yes,no,yes,no
no,no,yes,no,yes,no,yes,yes,no,no,yes,yes,no,yes,no,yes,no
yes,no,no,no,no,yes,no,yes,no,yes,yes,no,no,yes,yes,no,no
no,yes,no,no,yes,yes,no,yes,yes,no,yes,no,no,no,no,no,no
yes,yes,no,yes,yes,yes,yes,no,no,yes,yes,yes,no,no,no,no,yes
no,yes,no,yes,no,yes,yes,no,no,no,no,no,no,no,no,no,no
yes,yes,no,yes,no,yes,yes,no,no,no,no,no,yes,no,no,yes,no
no,no,no,no,no,no,no,no,yes,yes,yes,yes,no,no,yes,yes,no
yes,no,yes,yes,yes,no,no,no,yes,yes,no,no,no,yes,no,no,yes
no,yes,yes,no,no,yes,yes,no,yes,no,no,yes,yes,yes,yes,yes,no
yes,yes,no,no,no,no,no,no,no,no,no,yes,no,no,no,no,no
no,yes,no,no,no,yes,yes,yes,yes,yes,no,no,no,yes,yes,yes,yes
no,yes,no,yes,no,yes,no,yes,no,no,yes,no,no,yes,no,yes,no
yes,yes,yes,yes,yes,no,no,yes,yes,yes,yes,no,yes,no,yes,no,yes
yes,no,yes,no,no,yes,no,yes,yes,no,yes,no,no,yes,yes,no,no
no,no,yes,no,yes,yes,no,yes,no,no,no,yes,no,yes,yes,no,no
yes,yes,yes,yes,no,yes,yes,no,no,yes,yes,no,no,yes,yes,yes,yes
yes,yes,yes,no,yes,no,no,yes,yes,yes,yes,no,yes,no,yes,no,yes
no,yes,yes,no,yes,yes,yes,yes,yes,yes,yes,no,no,no,yes,no,yes
yes,no,yes,no,yes,yes,yes,no,yes,yes,no,yes,yes,no,yes,no,yes
yes,yes,yes,yes,no,yes,no,no,no,yes,no,yes,yes,yes,no,no,yes
yes,yes,no,no,no,yes,no,yes,no,yes,no,no,yes,no,yes,no,no
yes,no,no,no,yes,no,no,no,yes,no,no,yes,no,yes,yes,yes,no
yes,no,no,yes,yes,yes,yes,no,no,yes,yes,no,yes,no,no,no,yes
no,yes,yes,no,no,yes,no,no,no,yes,yes,no,no,yes,no,no,no
no,no,no,yes,yes,no,no,no,no,yes,no,no,no,no,yes,yes,no
no,no,yes,yes,yes,no,yes,yes,yes,yes,no,no,yes,yes,no,no,yes
no,no,no,yes,yes,no,no,yes,no,no,no,no,no,no,yes,yes,no
yes,yes,no,no,yes,yes,yes,no,no,no,no,yes,no,no,yes,no,no
no,yes,no,no,no,no,no,no,no,yes,no,no,no,no,yes,no,no
yes,yes,no,yes,no,yes,no,yes,no,no,no,no,yes,yes,no,yes,no
yes,no,no,no,no,yes,yes,no,yes,no,no,no,no,no,yes,no,no
yes,yes,no,no,no,yes,no,yes,no,no,yes,no,yes,yes,yes,no,no
no,no,no,no,yes,yes,no,no,yes,no,no,yes,yes,no,no,no,no
yes,yes,yes,no,no,no,yes,yes,no,yes,no,no,yes,no,yes,yes,yes
no,yes,yes,no,yes,no,no,yes,no,yes,yes,yes,yes,no,no,yes,no
yes,yes,no,yes,no,yes,yes,yes,yes,yes,no,no,yes,yes,yes,no,yes
no,yes,yes,yes,no,no,yes,yes,yes,no,no,no,yes,yes,no,yes,yes
no,no,no,yes,yes,no,yes,no,no,no,no,yes,yes,no,no,yes,no
yes,no,yes,yes,yes,yes,no,no,no,yes,no,yes,no,no,yes,yes,yes
no,no,yes,no,yes,yes,yes,yes,yes,yes,no,yes,yes,yes,yes,no,yes
yes,yes,no,no,no,yes,no,no,yes,yes,no,no,yes,no,no,no,no
yes,yes,yes,yes,yes,no,no,no,no,no,no,yes,no,no,no,no,no
yes,no,no,yes,yes,yes,no,yes,yes,yes,yes,yes,no,no,yes,no,yes
no,yes,no,no,no,yes,no,no,no,yes,yes,yes,yes,no,no,yes,no
no,no,yes,yes,yes,no,no,yes,yes,yes,yes,no,no,no,yes,no,yes
yes,no,no,no,no,no,no,no,yes,yes,yes,no,no,no,yes,yes,no
no,no,yes,no,yes,yes,yes,no,no,yes,no,no,yes,yes,yes,yes,no
no,no,yes,no,no,no,yes,yes,no,yes,no,yes,yes,yes,yes,yes,no
yes,yes,no,no,yes,yes,yes,yes,yes,no,no,yes,yes,no,yes,yes,yes
yes,yes,no,no,yes,no,no,yes,yes,yes,no,yes,yes,no,no,yes,yes
yes,no,no,no,no,no,no,no,no,yes,no,yes,no,yes,no,yes,no
no,no,no,yes,yes,yes,no,yes,yes,no,yes,yes,yes,yes,no,yes,no
no,yes,yes,no,yes,yes,no,no,yes,no,no,yes,no,yes,yes,yes,no
no,no,no,yes,no,no,no,no,no,yes,no,yes,no,yes,yes,yes,no
no,no,yes,yes,no,yes,yes,no,yes,no,yes,yes,yes,yes,yes,no,no
no,no,yes,no,no,no,yes,no,no,yes,yes,no,no,no,no,yes,no
yes,no,no,yes,yes,no,yes,no,yes,yes,yes,no,yes,yes,yes,yes,yes
no,yes,yes,yes,yes,yes,no,no,yes,yes,yes,no,yes,no,no,yes,yes
no,no,yes,no,yes,yes,no,yes,yes,yes,no,yes,yes,yes,yes,no,yes
no,yes,no,no,no,yes,no,no,no,yes,yes,no,no,yes,no,yes,no
no,yes,yes,yes,yes,yes,yes,yes,yes,no,yes,yes,yes,no,no,yes,yes
yes,no,no,yes,yes,no,yes,yes,yes,no,yes,no,yes,no,no,yes,yes
yes,yes,no,yes,no,no,no,no,yes,yes,no,no,no,yes,yes,no,no
yes,yes,no,yes,no,no,yes,no,no,no,yes,no,no,yes,yes,yes,no
no,yes,no,yes,yes,yes,yes,no,yes,no,yes,no,yes,no,yes,no,yes
yes,yes,no,yes,yes,no,no,no,no,no,no,no,no,no,no,no,no
yes,no,yes,yes,yes,yes,no,yes,yes,yes,yes,yes,no,yes,no,no,yes
no,no,yes,no,no,no,yes,yes,no,yes,no,yes,yes,no,yes,yes,no
no,no,yes,no,yes,no,yes,no,yes,no,yes,yes,no,yes,yes,no,no
yes,yes,no,yes,no,no,no,no,yes,yes,yes,yes,yes,no,no,no,no
no,yes,yes,no,yes,yes,no,yes,no,no,no,no,no,no,no,yes,no
no,yes,no,yes,no,no,yes,yes,yes,yes,no,yes,yes,no,yes,no,yes
no,yes,no,yes,no,yes,no,no,no,yes,no,yes,no,no,no,no,no
yes,no,no,no,no,no,yes,yes,no,yes,no,no,yes,yes,yes,no,no
no,yes,no,no,no,yes,yes,yes,yes,yes,yes,no,yes,yes,no,no,yes
no,no,no,no,no,no,no,no,yes,yes,yes,yes,no,yes,yes,yes,no
no,yes,yes,yes,yes,no,no,yes,no,yes,yes,yes,yes,yes,yes,no,yes
no,yes,no,yes,no,no,yes,yes,yes,yes,no,no,no,yes,no,yes,yes
yes,no,no,no,yes,yes,yes,yes,yes,yes,yes,yes,yes,no,yes,yes,yes
yes,no,no,yes,no,no,no,no,no,no,no,no,no,no,yes,yes,no
yes,no,yes,yes,no,yes,yes,yes,no,yes,no,no,yes,yes,no,yes,yes
no,no,no,yes,no,no,yes,yes,yes,yes,no,no,yes,yes,no,yes,no
no,no,no,no,yes,no,yes,no,yes,yes,yes,yes,no,yes,no,no,no
yes,yes,no,yes,no,yes,no,no,yes,no,yes,yes,yes,yes,no,yes,no
yes,no,no,yes,no,no,no,no,yes,no,yes,yes,yes,yes,yes,yes,no
no,no,no,no,no,no,no,yes,yes,no,yes,yes,no,yes,no,no,no
no,no,yes,yes,yes,no,no,no,no,yes,no,no,no,no,yes,yes,no
yes,yes,no,no,no,yes,yes,no,yes,yes,yes,yes,no,no,no,yes,yes
no,no,no,yes,yes,no,yes,yes,yes,no,no,no,yes,no,yes,yes,no
no,yes,yes,no,yes,yes,yes,no,no,no,yes,yes,no,yes,yes,yes,no
yes,no,yes,yes,yes,no,yes,yes,no,yes,yes,no,yes,yes,no,yes,yes
yes,yes,no,no,yes,no,yes,yes,no,yes,no,no,yes,yes,no,no,yes
yes,yes,no,yes,no,yes,no,no,no,yes,no,yes,no,yes,yes,yes,no
yes,no,no,no,yes,no,no,yes,no,yes,no,no,yes,yes,no,no,no
no,no,yes,yes,no,no,no,no,yes,no,no,yes,yes,yes,yes,yes,no
yes,no,yes,no,yes,no,no,yes,no,yes,no,yes,no,no,yes,yes,no
no,no,no,yes,yes,yes,yes,no,no,no,yes,yes,yes,yes,yes,yes,no
no,yes,yes,no,no,no,yes,no,no,yes,yes,no,no,no,no,yes,no
no,yes,no,yes,no,yes,no,yes,no,no,yes,no,yes,yes,no,yes,no
no,no,no,no,yes,no,no,yes,no,no,no,yes,yes,no,yes,no,no
yes,no,yes,yes,no,no,no,yes,no,yes,yes,no,no,yes,yes,no,no
yes,yes,yes,no,yes,yes,yes,no,no,yes,no,no,yes,no,yes,no,yes
no,no,yes,yes,no,no,yes,yes,yes,no,no,no,yes,yes,yes,yes,no
yes,no,no,no,no,no,yes,yes,yes,yes,no,yes,no,yes,yes,yes,no
no,yes,yes,no,no,no,yes,yes,no,no,no,yes,no,no,yes,yes,no
no,yes,no,no,no,no,yes,yes,no,no,yes,no,yes,yes,no,yes,no
yes,yes,yes,yes,no,no,no,no,yes,no,yes,yes,yes,yes,no,yes,no
yes,no,yes,no,no,yes,no,no,yes,no,yes,yes,no,yes,no,no,no
no,no,no,no,no,no,no,no,yes,no,no,no,no,yes,no,no,no
yes,no,yes,no,yes,yes,yes,no,no,no,yes,no,no,yes,no,yes,no
yes,yes,no,no,no,no,no,no,yes,no,yes,yes,no,yes,no,yes,no
yes,no,no,no,no,no,no,yes,yes,yes,yes,yes,yes,no,yes,no,no
no,no,no,yes,no,yes,yes,no,yes,no,no,no,no,no,yes,no,no
no,yes,no,no,yes,yes,yes,no,no,yes,yes,yes,yes,yes,yes,yes,no
yes,no,yes,yes,yes,no,no,yes,no,yes,yes,yes,yes,no,no,no,yes
no,no,no,no,no,yes,no,no,yes,yes,yes,yes,no,yes,yes,no,no
yes,yes,no,yes,yes,yes,yes,no,yes,yes,yes,no,yes,no,yes,yes,yes
yes,no,yes,no,yes,no,no,yes,yes,no,yes,yes,yes,yes,yes,no,no
no,no,yes,no,no,yes,yes,no,no,yes,yes,yes,no,no,yes,yes,no
yes,no,no,yes,no,no,yes,no,no,yes,no,yes,yes,yes,yes,yes,no
yes,yes,no,no,no,no,no,yes,yes,yes,yes,yes,yes,no,yes,no,no
no,no,no,yes,yes,yes,yes,yes,yes,no,no,yes,no,no,no,no,yes
no,no,no,yes,no,yes,yes,no,yes,no,no,yes,no,no,no,no,no
no,yes,yes,yes,yes,yes,no,no,no,yes,yes,no,no,yes,yes,no,yes
no,yes,yes,no,yes,yes,yes,yes,yes,yes,no,yes,yes,yes,no,yes,yes
no,no,yes,no,no,yes,yes,yes,yes,no,yes,no,no,no,yes,yes,no
yes,yes,yes,yes,yes,yes,no,no,no,no,no,no,no,no,yes,no,yes
no,yes,no,yes,yes,no,yes,no,no,yes,no,no,yes,no,yes,no,no
yes,yes,yes,no,no,no,yes,no,yes,no,no,yes,yes,no,no,yes,no
no,no,yes,yes,no,yes,yes,no,yes,yes,yes,no,yes,no,yes,no,yes
yes,yes,yes,yes,no,no,no,yes,no,no,no,no,yes,yes,no,yes,no
no,no,no,no,no,yes,no,yes,yes,yes,yes,no,yes,no,no,no,no
yes,yes,no,yes,no,yes,yes,no,no,no,yes,no,yes,no,yes,yes,no
no,yes,yes,no,no,no,yes,no,no,yes,yes,yes,yes,no,yes,yes,no
yes,yes,yes,no,yes,no,no,yes,no,no,no,no,no,no,yes,no,no
no,yes,no,no,no,yes,no,no,yes,no,no,yes,yes,yes,no,yes,no
no,yes,yes,yes,yes,no,yes,yes,yes,no,no,yes,no,yes,no,yes,yes
yes,no,yes,no,no,yes,no,yes,no,no,yes,no,yes,yes,yes,no,no
no,yes,no,no,yes,no,no,no,no,no,no,no,no,no,yes,no,no
no,no,no,no,no,yes,yes,no,no,yes,yes,no,no,yes,no,yes,no
no,yes,no,yes,no,no,yes,yes,no,no,no,no,no,no,no,no,no
yes,no,yes,no,yes,yes,no,no,yes,no,no,yes,yes,no,yes,yes,no
no,yes,yes,no,no,no,yes,no,yes,no,no,yes,yes,no,no,yes,no
yes,yes,yes,yes,no,no,yes,no,yes,no,no,no,yes,yes,yes,no,yes
no,no,yes,yes,yes,no,no,no,no,no,no,yes,no,no,no,no,no
yes,no,no,yes,yes,no,no,no,yes,no,no,yes,yes,no,yes,no,no
no,yes,no,no,yes,yes,yes,no,no,yes,no,yes,yes,no,yes,yes,no
no,yes,yes,yes,no,yes,yes,yes,no,yes,yes,yes,yes,yes,yes,yes,yes
yes,yes,no,no,no,yes,yes,yes,yes,no,yes,no,yes,yes,yes,no,yes
yes,yes,no,yes,no,no,no,no,no,no,no,no,no,yes,yes,no,no
no,yes,yes,yes,yes,no,yes,no,yes,no,yes,no,no,no,yes,yes,yes
no,no,yes,yes,no,no,yes,yes,yes,yes,yes,no,yes,yes,no,yes,yes
yes,no,yes,yes,no,no,yes,yes,yes,no,no,yes,no,no,no,yes,yes
no,no,no,yes,no,yes,yes,no,no,no,yes,no,yes,yes,no,no,no
yes,no,yes,yes,no,no,yes,no,yes,yes,yes,no,no,no,no,yes,yes
yes,yes,yes,yes,yes,no,yes,no,yes,yes,yes,no,yes,yes,yes,yes,yes
yes,yes,yes,yes,no,no,yes,no,yes,no,yes,yes,yes,yes,yes,no,yes
no,yes,no,yes,yes,no,no,yes,yes,no,no,no,no,no,yes,yes,no
no,no,no,no,no,yes,yes,no,no,yes,no,no,yes,yes,no,no,no
no,yes,yes,no,yes,no,yes,no,yes,yes,no,yes,yes,no,no,no,yes
no,no,yes,yes,no,yes,no,no,no,yes,no,yes,no,no,no,yes,no
yes,no,no,no,no,yes,yes,yes,yes,yes,no,yes,no,yes,yes,no,yes
no,no,yes,yes,yes,yes,yes,no,yes,no,yes,no,no,no,no,no,yes
yes,yes,no,no,no,no,no,yes,no,no,no,yes,no,no,no,yes,no
no,yes,yes,yes,yes,no,no,no,yes,no,no,yes,yes,no,yes,yes,no
yes,yes,no,yes,no,yes,no,no,no,yes,yes,yes,no,no,no,no,no
yes,yes,yes,no,no,no,no,no,yes,yes,yes,yes,yes,no,no,no,no
no,no,no,yes,no,yes,no,no,no,no,yes,no,yes,yes,no,no,no
no,yes,yes,no,yes,yes,no,yes,no,no,yes,yes,yes,yes,yes,yes,no
no,no,no,no,no,yes,no,no,no,no,no,yes,yes,no,no,yes,no
yes,no,yes,no,yes,no,yes,yes,no,yes,no,yes,yes,no,yes,no,yes
yes,yes,no,yes,no,yes,yes,yes,no,no,no,yes,no,no,yes,yes,yes
yes,no,no,no,no,no,no,yes,no,no,no,no,yes,no,yes,yes,no
no,yes,no,no,yes,no,yes,no,no,no,yes,yes,yes,yes,no,no,no
no,yes,yes,yes,no,no,yes,yes,no,no,no,yes,yes,yes,no,no,no
yes,yes,yes,yes,yes,no,yes,yes,yes,no,no,no,no,no,no,no,yes
no,yes,no,no,yes,no,no,no,no,no,no,no,no,no,no,no,no
no,yes,no,no,no,yes,yes,yes,no,no,no,no,no,no,no,no,no
yes,no,yes,yes,yes,yes,no,yes,no,no,yes,no,yes,yes,yes,no,yes
no,no,yes,yes,no,yes,yes,yes,no,no,yes,no,yes,no,no,yes,no
yes,yes,no,no,yes,yes,no,no,no,no,yes,no,yes,no,yes,yes,no
yes,yes,no,no,no,no,yes,yes,no,no,no,no,no,no,no,yes,no
no,yes,no,yes,no,yes,yes,yes,yes,no,yes,no,yes,no,yes,no,yes
no,yes,yes,yes,no,no,yes,yes,no,no,no,yes,yes,no,no,yes,no
yes,yes,yes,no,no,no,no,no,no,no,no,no,no,no,no,no,no
yes,no,yes,yes,yes,yes,no,no,no,yes,yes,no,yes,no,no,no,yes
yes,no,yes,yes,no,yes,yes,no,yes,no,no,yes,no,no,no,no,yes
no,no,yes,no,yes,yes,no,no,no,yes,yes,yes,yes,yes,yes,no,no
no,no,no,no,no,yes,yes,no,yes,no,no,yes,yes,no,no,no,no
no,yes,no,yes,yes,yes,no,yes,yes,yes,yes,no,yes,yes,no,yes,yes
yes,yes,yes,yes,no,no,yes,no,no,no,yes,yes,yes,yes,yes,yes,no
no,no,yes,yes,no,yes,yes,no,no,no,no,no,yes,no,no,no,no
no,no,no,no,no,no,no,no,no,yes,no,yes,no,no,yes,no,no
no,no,yes,no,no,no,no,no,no,no,yes,yes,yes,no,yes,no,no
yes,no,no,yes,yes,no,yes,yes,no,yes,no,no,no,no,yes,yes,yes
no,no,yes,yes,no,no,no,no,no,yes,yes,yes,yes,no,no,no,no
no,no,no,no,yes,no,yes,yes,no,no,yes,no,no,yes,yes,yes,no
no,yes,no,yes,no,no,yes,no,yes,yes,yes,no,no,yes,no,no,no
no,no,yes,yes,no,no,yes,yes,yes,yes,yes,no,yes,no,no,yes,yes
no,yes,no,yes,no,no,yes,no,yes,no,no,no,yes,no,yes,no,no
no,no,yes,no,yes,yes,no,yes,no,no,yes,yes,yes,no,yes,no,no
yes,yes,no,no,no,no,yes,no,no,no,no,no,no,yes,yes,yes,no
no,no,no,yes,no,yes,no,no,yes,yes,yes,no,yes,yes,no,no,no
no,no,no,no,no,no,yes,yes,no,yes,yes,no,yes,no,yes,yes,no
yes,no,yes,yes,yes,no,no,yes,no,no,yes,no,no,yes,no,no,no
no,yes,yes,no,yes,no,yes,no,no,no,yes,no,no,yes,no,yes,no
no,yes,no,no,no,yes,no,no,no,no,no,yes,no,no,yes,yes,no
no,yes,no,yes,no,yes,yes,yes,yes,no,yes,no,no,yes,no,yes,yes
yes,no,no,no,no,no,yes,yes,yes,no,no,yes,yes,yes,yes,no,no
yes,yes,no,yes,no,yes,no,no,no,yes,yes,yes,yes,no,no,no,no
no,no,yes,yes,yes,yes,no,no,no,yes,yes,yes,no,no,yes,yes,no
yes,no,no,no,yes,no,no,no,yes,yes,yes,no,no,no,no,no,no
yes,yes,yes,no,no,yes,yes,no,yes,no,no,yes,yes,yes,yes,yes,yes
yes,no,no,yes,no,no,no,no,yes,yes,no,yes,no,no,no,yes,no
no,no,no,yes,no,yes,no,yes,yes,no,yes,yes,no,no,yes,no,no
yes,yes,yes,yes,no,no,yes,yes,no,yes,no,yes,no,no,no,yes,yes
no,yes,no,yes,yes,no,yes,yes,no,yes,yes,yes,no,yes,no,no,yes
yes,yes,no,no,no,no,yes,no,no,no,yes,yes,no,yes,no,no,no
yes,yes,yes,yes,no,no,yes,no,yes,yes,yes,no,no,no,no,yes,yes
no,yes,no,no,no,no,yes,no,yes,yes,yes,no,no,yes,no,yes,no
yes,yes,no,yes,yes,no,yes,yes,no,no,no,yes,no,no,no,yes,yes
yes,no,yes,yes,yes,yes,yes,yes,no,no,no,yes,yes,no,no,yes,yes
no,no,no,yes,yes,yes,no,yes,no,yes,no,no,no,yes,no,yes,no
no,yes,yes,yes,no,yes,no,no,no,yes,yes,yes,no,yes,no,yes,no
yes,yes,yes,yes,yes,no,yes,yes,no,yes,yes,no,no,yes,yes,yes,yes
yes,yes,no,no,yes,no,no,yes,no,yes,no,no,no,no,no,yes,no
no,yes,no,yes,no,no,no,yes,yes,no,no,no,no,yes,no,yes,no
no,yes,yes,no,yes,yes,no,no,yes,no,yes,yes,no,no,no,yes,no
no,yes,yes,no,yes,yes,yes,no,no,yes,no,yes,yes,no,yes,no,yes
yes,no,no,no,yes,yes,no,no,no,yes,yes,no,yes,no,no,yes,no
yes,yes,no,no,no,yes,no,yes,yes,no,no,yes,no,no,no,no,no
no,no,no,no,yes,yes,yes,no,no,no,no,no,no,yes,yes,no,no
no,yes,yes,no,no,yes,yes,yes,no,yes,yes,no,no,no,no,yes,yes
no,no,no,no,no,no,no,yes,no,yes,yes,yes,no,no,yes,no,no
yes,no,no,yes,no,no,yes,yes,yes,yes,yes,no,yes,yes,no,yes,yes
no,no,no,yes,yes,yes,yes,yes,yes,yes,no,yes,yes,no,no,no,yes
yes,yes,yes,no,no,yes,yes,no,no,yes,no,no,yes,yes,yes,no,yes
yes,no,no,yes,yes,yes,yes,no,yes,no,no,yes,no,yes,yes,no,yes
yes,no,yes,no,no,yes,yes,yes,no,yes,yes,no,no,no,yes,no,yes
yes,yes,no,no,no,yes,no,no,yes,no,yes,no,no,yes,yes,yes,no
yes,yes,no,yes,no,no,yes,no,no,yes,no,no,yes,no,yes,no,no
yes,yes,no,no,no,no,yes,yes,no,yes,yes,no,yes,no,no,yes,no
yes,no,no,yes,yes,no,yes,yes,no,yes,yes,no,no,no,no,yes,yes
no,yes,no,yes,no,no,no,no,no,yes,no,yes,no,yes,yes,yes,no
yes,yes,no,yes,no,no,yes,yes,no,yes,no,no,yes,no,no,no,yes
yes,no,no,no,no,yes,no,yes,no,no,no,yes,no,yes,yes,no,no
no,no,no,yes,no,yes,no,no,yes,yes,no,yes,no,yes,no,yes,no
no,no,yes,no,no,yes,no,no,yes,yes,yes,no,no,no,no,yes,no
yes,no,no,no,no,yes,yes,no,no,no,no,yes,no,yes,yes,no,no
no,yes,no,no,no,yes,yes,no,yes,yes,no,yes,yes,no,yes,yes,no
yes,yes,no,yes,no,yes,yes,no,no,yes,no,yes,no,yes,yes,yes,yes
no,no,no,no,no,yes,yes,yes,yes,no,yes,yes,no,no,yes,yes,no
yes,no,no,yes,no,yes,yes,yes,no,no,yes,no,no,yes,no,yes,no
yes,no,yes,no,yes,yes,no,yes,yes,yes,yes,yes,no,no,yes,no,yes
yes,no,yes,yes,yes,yes,no,no,no,no,no,no,yes,no,yes,no,no
no,no,no,yes,no,no,no,yes,yes,yes,yes,no,yes,yes,yes,no,no
no,yes,yes,yes,yes,no,yes,yes,yes,no,yes,no,no,yes,no,yes,yes
yes,yes,no,yes,no,no,no,yes,yes,no,yes,yes,yes,yes,yes,no,no
no,no,no,no,yes,no,no,yes,yes,yes,yes,yes,yes,yes,yes,yes,no
no,yes,yes,yes,yes,yes,no,no,no,no,no,yes,yes,no,no,no,no
no,yes,yes,no,no,yes,yes,no,yes,no,yes,no,no,yes,yes,no,no
yes,yes,no,no,no,yes,yes,yes,yes,no,yes,no,no,yes,no,no,yes
yes,yes,yes,no,no,yes,no,yes,yes,yes,no,yes,no,no,no,no,yes
no,no,yes,no,yes,no,no,yes,yes,no,no,no,yes,yes,yes,yes,no
yes,yes,yes,yes,yes,no,yes,yes,no,no,no,no,yes,no,yes,no,yes
no,no,no,no,yes,yes,yes,yes,yes,yes,no,yes,yes,yes,no,no,yes
yes,yes,yes,yes,no,yes,no,no,no,yes,yes,no,yes,yes,no,yes,yes
no,yes,no,yes,no,no,yes,yes,no,yes,no,yes,yes,yes,no,yes,no
yes,no,no,yes,no,yes,yes,no,yes,no,yes,no,yes,yes,no,no,no
no,no,yes,yes,yes,yes,no,yes,yes,yes,yes,yes,no,no,no,yes,yes
no,yes,yes,yes,yes,no,yes,yes,no,no,yes,no,no,no,no,yes,yes
no,no,yes,yes,no,yes,yes,no,no,yes,no,yes,yes,no,yes,no,no
no,yes,yes,yes,yes,yes,no,no,yes,no,yes,yes,no,yes,no,no,yes
yes,no,no,no,no,yes,no,yes,yes,no,no,no,yes,yes,yes,no,no
no,yes,no,no,yes,no,no,no,no,yes,yes,yes,yes,no,no,yes,no
yes,yes,yes,yes,yes,yes,yes,yes,yes,yes,no,no,yes,yes,yes,yes,yes
no,no,no,no,no,yes,yes,yes,yes,no,no,no,no,yes,yes,yes,no
no,no,no,yes,no,yes,no,no,no,yes,yes,no,no,yes,yes,yes,no
no,no,no,yes,no,no,yes,no,yes,yes,no,yes,yes,yes,no,yes,no
no,no,yes,no,no,no,no,no,no,no,no,yes,yes,yes,yes,no,no
yes,no,no,no,yes,yes,yes,no,yes,yes,yes,yes,no,no,no,yes,yes
no,yes,yes,yes,no,yes,no,no,yes,no,yes,no,yes,yes,no,yes,no
yes,yes,yes,no,yes,no,no,yes,yes,yes,no,yes,no,no,yes,yes,yes
no,no,yes,no,yes,no,yes,no,no,yes,yes,yes,no,yes,yes,no,no
no,yes,yes,no,yes,no,yes,no,yes,yes,no,no,yes,no,no,no,yes
no,yes,yes,no,no,yes,yes,no,no,yes,yes,no,yes,yes,yes,yes,no
yes,yes,no,no,yes,yes,no,no,yes,no,no,yes,no,no,yes,yes,no
no,no,yes,no,yes,yes,no,yes,no,yes,no,yes,no,yes,yes,yes,no
yes,no,no,yes,no,yes,no,yes,no,yes,yes,yes,no,no,no,no,no
no,yes,yes,no,yes,yes,no,yes,yes,yes,no,yes,yes,yes,yes,no,yes
no,yes,yes,yes,no,yes,no,no,yes,yes,yes,no,no,no,no,yes,yes
yes,no,no,no,yes,yes,yes,no,no,yes,yes,no,yes,yes,no,yes,no
yes,yes,no,no,yes,no,yes,no,no,no,yes,yes,no,yes,yes,no,no
yes,yes,yes,no,yes,no,no,no,yes,yes,yes,no,no,yes,yes,no,yes
no,yes,no,yes,no,no,no,yes,yes,yes,yes,yes,yes,no,yes,yes,no
no,yes,yes,no,no,yes,no,yes,no,no,no,no,yes,yes,yes,no,no
no,no,no,yes,no,yes,yes,yes,no,no,yes,no,yes,no,yes,yes,no
yes,yes,yes,no,no,no,no,no,yes,yes,no,yes,yes,no,no,yes,no
yes,no,no,yes,no,yes,no,yes,yes,no,no,yes,yes,no,yes,no,no
yes,no,no,no,yes,yes,no,no,yes,no,yes,no,no,yes,no,yes,no
no,yes,yes,no,no,no,yes,yes,yes,yes,yes,no,yes,yes,no,yes,yes
yes,yes,yes,no,yes,yes,no,yes,yes,no,no,yes,yes,no,yes,yes,yes
no,no,yes,yes,no,no,yes,no,yes,yes,no,yes,no,no,yes,yes,no
no,yes,no,yes,yes,no,no,no,yes,no,yes,no,no,yes,yes,no,no
yes,yes,no,yes,yes,yes,yes,no,no,no,no,yes,yes,no,yes,no,yes
no,yes,yes,no,yes,yes,yes,no,yes,no,no,yes,no,no,yes,no,yes
yes,no,yes,yes,yes,no,no,no,no,no,yes,yes,no,yes,no,no,no
no,yes,no,yes,no,no,yes,no,no,yes,yes,yes,yes,no,no,no,no
yes,yes,yes,no,no,no,yes,yes,yes,no,yes,yes,no,yes,no,yes,yes
no,no,yes,yes,yes,yes,yes,yes,yes,no,no,yes,no,yes,no,yes,yes
no,yes,no,no,yes,no,yes,no,yes,no,yes,no,no,no,yes,no,no
no,no,no,yes,yes,yes,yes,yes,no,no,no,yes,no,no,no,yes,no
yes,yes,yes,no,yes,yes,yes,yes,no,no,yes,yes,no,no,yes,yes,yes
no,yes,yes,yes,yes,yes,yes,no,no,no,no,no,yes,yes,no,no,yes
no,no,no,yes,yes,no,no,yes,no,yes,yes,no,yes,yes,no,yes,no
yes,no,yes,no,yes,no,no,no,no,no,yes,no,no,no,no,yes,no
yes,no,no,no,yes,no,no,no,yes,no,no,yes,no,no,no,no,no
yes,yes,no,yes,yes,no,no,yes,no,yes,yes,yes,no,yes,no,yes,yes
yes,no,yes,no,no,yes,yes,yes,yes,yes,yes,no,yes,no,yes,no,yes
yes,no,yes,yes,yes,no,no,no,no,yes,no,no,yes,yes,no,yes,no
yes,yes,yes,yes,no,no,no,yes,yes,no,yes,yes,yes,no,no,no,yes
yes,yes,no,no,no,yes,no,yes,no,yes,no,no,yes,yes,no,yes,no
no,no,no,yes,no,no,yes,yes,no,no,yes,yes,yes,yes,no,no,no
no,yes,no,yes,yes,yes,no,no,no,no,yes,yes,yes,yes,no,no,no
no,no,no,no,yes,no,no,yes,yes,yes,yes,yes,yes,no,yes,no,no
no,yes,yes,yes,no,yes,no,no,yes,yes,yes,yes,no,yes,no,yes,yes
yes,yes,yes,no,no,no,yes,no,yes,no,yes,no,no,no,no,no,no
no,yes,yes,no,no,yes,no,no,no,no,no,yes,yes,yes,yes,no,no
no,yes,yes,no,no,yes,yes,yes,yes,yes,no,yes,yes,yes,yes,yes,yes
no,yes,yes,no,yes,yes,yes,no,no,no,yes,yes,no,yes,no,yes,no
yes,yes,yes,yes,no,no,yes,yes,no,yes,no,no,yes,no,no,no,yes
no,yes,no,no,no,no,yes,yes,yes,yes,yes,yes,yes,no,yes,yes,no
yes,yes,no,yes,no,no,no,no,yes,yes,yes,yes,yes,no,no,no,no
no,no,no,yes,yes,no,no,no,no,yes,yes,no,yes,no,no,no,no
no,yes,yes,no,no,no,yes,yes,no,no,no,no,yes,yes,no,yes,no
no,yes,yes,yes,no,yes,yes,no,no,yes,no,yes,yes,yes,no,yes,yes
yes,yes,no,yes,no,yes,no,no,no,no,yes,yes,yes,yes,yes,yes,no
yes,no,no,yes,yes,yes,no,no,no,no,yes,yes,yes,no,no,no,no
no,no,yes,no,yes,yes,yes,yes,no,yes,no,yes,yes,no,no,yes,yes
no,yes,yes,yes,yes,no,no,no,yes,yes,yes,yes,no,no,yes,yes,yes
no,yes,yes,no,yes,yes,yes,no,no,yes,no,yes,yes,no,no,yes,yes
no,yes,no,yes,yes,no,no,no,yes,yes,yes,yes,yes,no,yes,yes,no
no,no,no,yes,no,no,no,yes,no,no,no,no,no,yes,yes,no,no
no,yes,yes,yes,no,yes,yes,no,yes,yes,yes,yes,no,no,no,no,yes
yes,yes,no,no,yes,no,no,yes,no,no,yes,yes,no,no,yes,yes,no
yes,no,no,yes,no,yes,yes,no,yes,yes,no,yes,yes,no,no,yes,yes
yes,yes,no,yes,no,no,yes,yes,yes,yes,yes,no,yes,yes,yes,no,yes
no,yes,no,yes,no,yes,yes,yes,no,no,yes,yes,yes,yes,no,yes,no
yes,no,no,no,no,no,yes,no,no,no,yes,yes,no,yes,yes,yes,no
yes,yes,no,yes,no,yes,no,yes,yes,no,no,no,yes,no,yes,yes,yes
yes,yes,yes,no,yes,yes,no,yes,yes,no,no,no,yes,no,yes,yes,yes
no,yes,no,yes,no,yes,yes,yes,yes,no,no,no,yes,yes,yes,yes,yes
yes,yes,yes,no,no,yes,no,yes,no,yes,yes,no,no,yes,yes,yes,yes
no,no,no,yes,no,no,no,yes,no,no,yes,no,yes,no,yes,yes,no
no,no,no,yes,yes,yes,yes,yes,no,yes,no,yes,no,no,no,no,yes
yes,no,yes,no,yes,yes,yes,no,yes,no,yes,no,no,yes,yes,yes,yes
yes,no,no,no,no,yes,no,yes,no,no,yes,yes,yes,yes,yes,yes,no
yes,yes,yes,no,no,no,no,yes,no,yes,yes,yes,yes,no,yes,yes,no
yes,no,yes,yes,yes,yes,no,yes,no,yes,yes,yes,yes,yes,no,no,yes
yes,yes,yes,no,yes,no,no,no,yes,no,no,yes,no,no,yes,no,no
no,no,yes,yes,no,no,yes,yes,no,yes,no,yes,no,yes,no,no,no
yes,yes,yes,yes,yes,no,yes,no,yes,yes,no,yes,no,no,no,no,yes
yes,yes,no,no,no,yes,yes,no,yes,yes,no,yes,no,yes,no,no,yes
yes,no,yes,no,yes,no,yes,yes,no,yes,yes,no,no,yes,yes,no,yes
no,yes,no,yes,no,no,no,no,no,yes,yes,no,yes,no,no,no,no
no,yes,yes,yes,no,no,no,yes,yes,no,no,yes,no,yes,yes,no,no
no,no,no,no,yes,yes,no,no,no,yes,no,yes,no,yes,no,yes,no
no,no,no,yes,yes,yes,no,yes,yes,no,yes,yes,no,yes,yes,no,no
no,no,no,yes,no,no,no,yes,yes,yes,no,yes,no,no,yes,yes,no
yes,yes,no,yes,yes,yes,no,no,yes,yes,no,no,yes,yes,no,yes,yes
no,yes,yes,yes,no,no,no,yes,yes,yes,no,yes,no,no,yes,yes,yes
yes,no,yes,no,no,yes,yes,no,yes,no,no,yes,yes,yes,no,no,no
yes,no,yes,no,yes,yes,no,yes,yes,yes,no,yes,no,no,no,yes,yes
no,no,yes,yes,yes,no,yes,yes,yes,yes,yes,no,yes,no,no,no,yes
yes,no,no,yes,no,yes,yes,yes,no,no,yes,no,no,no,no,yes,no
no,yes,yes,yes,yes,no,no,no,no,yes,yes,yes,no,no,no,yes,no
yes,no,no,yes,no,no,yes,yes,no,no,yes,no,no,no,yes,yes,no
yes,no,no,yes,yes,no,no,yes,no,no,no,yes,no,no,yes,no,no
no,no,no,no,no,no,yes,no,no,no,yes,yes,no,yes,no,no,no
yes,no,no,yes,no,yes,yes,yes,yes,yes,no,yes,yes,yes,yes,no,yes
yes,yes,yes,no,yes,yes,yes,yes,yes,no,no,yes,no,no,no,yes,yes
yes,yes,no,yes,yes,yes,no,no,no,yes,no,yes,no,no,yes,no,yes
no,no,no,yes,no,no,no,no,no,no,no,yes,no,no,yes,yes,no
yes,yes,no,yes,no,yes,yes,yes,yes,no,no,yes,yes,yes,no,no,yes
yes,no,no,yes,no,yes,no,yes,yes,no,yes,no,yes,yes,no,no,no
no,no,yes,yes,yes,yes,no,no,yes,no,no,yes,yes,no,yes,yes,no
no,no,no,yes,yes,yes,yes,yes,yes,no,yes,no,no,no,no,no,yes
no,yes,no,yes,yes,yes,no,no,no,no,no,yes,no,yes,yes,yes,no
yes,no,no,yes,yes,yes,no,no,no,no,yes,yes,no,yes,no,yes,no
no,yes,yes,yes,no,yes,no,yes,yes,no,yes,yes,no,yes,no,no,yes
no,yes,yes,no,no,no,yes,yes,no,no,no,no,yes,yes,no,no,no
no,yes,no,yes,no,no,no,yes,no,no,no,no,no,no,no,no,no
no,no,yes,yes,no,no,yes,no,yes,yes,no,no,no,yes,yes,yes,no
no,no,yes,yes,yes,no,yes,no,yes,no,yes,yes,no,no,yes,yes,no
no,yes,yes,yes,yes,no,no,yes,no,yes,yes,no,yes,no,yes,no,yes
yes,no,no,no,no,yes,no,yes,no,yes,no,yes,no,no,yes,yes,no
yes,no,yes,no,yes,yes,yes,yes,yes,no,yes,yes,no,yes,yes,yes,yes
yes,no,yes,yes,no,no,yes,no,yes,yes,yes,yes,no,yes,yes,no,yes
yes,yes,yes,yes,no,no,no,no,no,no,yes,yes,yes,no,no,no,no
no,yes,no,yes,no,no,no,no,no,no,yes,no,no,yes,yes,no,no
yes,no,no,yes,no,no,yes,no,no,yes,no,no,no,yes,no,yes,no
no,yes,yes,no,yes,no,yes,yes,no,no,no,yes,no,yes,yes,yes,no
yes,yes,no,yes,yes,no,no,no,no,no,yes,yes,no,no,yes,no,no
no,no,no,yes,no,no,no,no,yes,yes,no,no,no,no,yes,yes,no
no,yes,no,yes,yes,no,yes,no,no,yes,no,yes,no,yes,yes,yes,no
no,yes,yes,no,no,yes,yes,yes,yes,yes,yes,no,yes,no,no,yes,yes
no,no,yes,yes,yes,yes,yes,yes,yes,no,no,yes,no,yes,yes,no,yes
no,no,no,yes,yes,yes,no,no,yes,yes,no,no,yes,yes,yes,no,no
no,yes,yes,no,no,no,no,no,no,yes,yes,yes,no,no,no,yes,no
no,yes,no,no,no,no,yes,yes,yes,yes,yes,yes,yes,no,no,yes,no
no,no,yes,no,yes,no,no,yes,no,no,no,yes,yes,no,no,no,no
yes,no,yes,no,no,yes,yes,yes,no,no,yes,no,no,yes,no,no,no
yes,no,no,yes,no,no,no,no,yes,yes,no,yes,yes,no,no,yes,no
yes,no,no,no,yes,yes,no,no,yes,no,no,yes,yes,no,no,no,no
no,yes,no,yes,no,yes,no,no,yes,no,no,yes,yes,no,yes,no,no
yes,yes,yes,no,no,no,no,yes,no,yes,yes,yes,no,yes,no,no,no
no,no,no,yes,no,no,no,yes,no,no,no,yes,yes,no,no,yes,no
no,yes,yes,yes,no,no,yes,no,no,yes,yes,no,no,yes,yes,no,no
yes,yes,no,no,no,no,no,yes,yes,no,yes,yes,no,no,yes,yes,no
yes,yes,yes,yes,no,yes,yes,yes,yes,no,yes,no,yes,yes,yes,no,yes
no,yes,yes,yes,yes,yes,yes,yes,no,no,yes,yes,no,yes,yes,no,yes
no,no,yes,no,no,no,yes,yes,no,no,yes,yes,no,yes,yes,no,no
yes,no,yes,no,no,yes,no,no,no,yes,no,no,yes,no,yes,yes,no
yes,yes,no,yes,yes,no,no,no,no,yes,yes,no,yes,yes,yes,no,no
yes,no,no,yes,yes,yes,yes,yes,yes,no,no,no,yes,no,yes,no,yes
yes,no,no,no,no,yes,no,yes,yes,no,yes,no,yes,no,yes,no,no
no,no,yes,no,no,no,yes,no,no,yes,yes,yes,no,no,yes,yes,no
no,yes,yes,no,no,no,no,yes,no,no,yes,yes,no,no,no,yes,no
no,yes,no,no,no,no,yes,no,no,no,no,yes,no,no,no,yes,no
yes,yes,no,yes,yes,no,no,yes,yes,no,yes,yes,no,no,no,yes,yes
yes,no,yes,yes,yes,no,no,no,yes,no,yes,yes,yes,yes,yes,yes,no
yes,no,yes,yes,no,no,no,no,yes,yes,yes,no,yes,no,yes,yes,no
yes,no,yes,yes,no,yes,no,yes,no,yes,yes,no,yes,no,no,no,yes
no,yes,yes,no,no,no,yes,no,no,yes,no,no,yes,yes,yes,no,no
no,no,no,yes,yes,no,no,no,no,no,no,no,no,yes,yes,no,no
no,yes,yes,no,no,yes,no,no,no,yes,no,yes,no,no,yes,yes,no
no,yes,yes,no,yes,yes,yes,yes,yes,no,yes,yes,no,yes,no,no,yes
yes,yes,yes,no,no,yes,yes,yes,no,no,no,yes,yes,yes,yes,no,yes
yes,no,yes,no,no,no,yes,no,yes,no,no,no,yes,yes,no,yes,no
no,no,yes,yes,no,yes,yes,no,no,yes,yes,yes,no,yes,yes,yes,no
no,yes,yes,yes,no,no,yes,yes,yes,yes,no,yes,no,no,no,yes,yes
no,yes,yes,no,yes,no,yes,no,no,no,no,no,yes,no,yes,no,no
yes,no,yes,no,yes,no,yes,yes,no,no,no,no,no,no,yes,yes,no
no,yes,yes,no,yes,no,no,no,no,yes,no,no,no,yes,yes,no,no
no,no,no,no,no,no,no,yes,no,no,yes,yes,yes,no,yes,yes,no
yes,yes,yes,yes,no,yes,no,yes,no,yes,no,yes,no,yes,yes,no,yes
no,yes,yes,yes,no,yes,yes,no,no,yes,yes,no,no,no,no,no,yes
no,no,yes,no,yes,no,no,no,no,yes,no,yes,no,no,no,yes,no
no,yes,yes,yes,yes,no,no,yes,no,yes,yes,no,no,yes,yes,yes,yes
no,yes,no,no,no,no,yes,yes,no,yes,yes,no,no,yes,no,no,no
yes,yes,no,no,yes,yes,no,no,no,yes,no,yes,no,no,no,yes,no
no,yes,no,yes,no,no,no,no,yes,yes,no,no,no,no,no,no,no
no,yes,yes,yes,yes,no,yes,yes,no,yes,yes,yes,no,yes,no,yes,yes
yes,no,no,no,no,yes,no,yes,no,yes,yes,yes,no,yes,no,yes,no
no,no,yes,no,no,yes,yes,no,yes,no,yes,no,yes,no,yes,yes,no
yes,no,yes,no,yes,yes,yes,yes,yes,yes,yes,yes,yes,yes,no,no,yes
yes,yes,no,yes,no,yes,yes,no,no,yes,no,yes,no,no,no,no,yes
no,no,no,no,yes,yes,no,yes,no,yes,no,yes,yes,no,yes,yes,no
yes,no,no,no,yes,yes,yes,no,yes,yes,yes,no,yes,yes,yes,no,yes
no,yes,yes,no,no,no,no,no,no,no,yes,no,no,no,no,yes,no
yes,no,no,no,yes,yes,no,yes,yes,no,no,no,no,no,yes,no,no
yes,yes,yes,no,yes,no,yes,no,no,yes,yes,no,yes,yes,no,no,yes
no,no,no,no,no,no,no,no,yes,no,yes,yes,no,yes,yes,yes,no
no,no,no,no,no,yes,no,yes,yes,yes,no,yes,yes,yes,yes,yes,no
yes,no,yes,yes,no,yes,no,no,no,yes,yes,no,yes,yes,yes,no,no
no,no,yes,yes,yes,no,no,no,yes,yes,yes,no,no,yes,yes,yes,no
yes,yes,yes,yes,no,no,yes,yes,yes,yes,yes,yes,yes,no,yes,yes,yes
no,no,yes,yes,no,no,no,no,no,no,no,yes,yes,yes,yes,yes,no
yes,no,no,no,yes,yes,yes,yes,yes,yes,no,yes,no,yes,no,no,yes
yes,no,yes,yes,no,no,no,yes,yes,yes,yes,no,no,no,yes,yes,yes
no,no,yes,no,no,no,yes,no,yes,no,yes,yes,yes,no,no,yes,no
yes,yes,yes,no,yes,yes,no,yes,yes,yes,yes,yes,no,yes,yes,yes,yes
yes,yes,no,no,yes,no,yes,no,yes,no,no,yes,yes,no,no,yes,no
yes,yes,no,yes,no,no,yes,yes,no,no,yes,no,no,no,no,no,no
yes,no,yes,yes,no,no,no,yes,yes,no,yes,yes,no,no,no,no,no
yes,yes,no,yes,yes,yes,yes,yes,no,no,yes,no,no,no,no,yes,yes
no,no,yes,yes,no,yes,yes,no,yes,no,no,yes,yes,yes,yes,yes,no
yes,no,no,yes,no,yes,no,yes,no,no,yes,no,yes,yes,yes,no,no
yes,no,no,no,yes,yes,no,yes,no,no,yes,no,no,yes,no,no,no
no,yes,yes,yes,yes,no,yes,no,yes,yes,yes,yes,yes,no,no,no,yes
no,yes,no,no,yes,no,yes,no,yes,yes,no,yes,yes,yes,no,no,no
yes,no,no,yes,no,no,yes,yes,no,yes,yes,no,no,no,no,yes,no
no,no,yes,yes,no,no,no,yes,no,yes,yes,no,yes,yes,no,yes,no
no,no,yes,yes,yes,yes,no,no,yes,no,no,no,no,no,yes,yes,no
yes,yes,no,no,yes,yes,yes,yes,no,yes,no,no,no,yes,yes,no,yes
no,no,no,no,no,no,yes,yes,no,no,no,yes,no,yes,no,yes,no
yes,yes,no,yes,no,yes,yes,no,no,yes,no,no,no,yes,yes,yes,yes
no,yes,yes,yes,yes,no,no,yes,yes,yes,no,no,no,no,yes,yes,yes
yes,no,no,no,no,no,yes,yes,yes,yes,yes,no,yes,no,yes,no,no
yes,no,no,no,yes,no,yes,no,no,no,yes,no,no,yes,no,yes,no
yes,no,yes,no,no,no,no,yes,no,no,no,no,yes,no,no,no,no
yes,no,no,yes,no,no,yes,no,yes,no,no,no,yes,no,no,yes,no
no,no,yes,no,no,no,no,no,yes,no,yes,no,no,yes,yes,no,no
yes,yes,no,no,yes,yes,no,no,no,no,no,yes,yes,no,no,yes,no
no,no,no,no,yes,no,no,yes,yes,yes,yes,yes,no,no,yes,no,no
yes,no,yes,yes,no,no,no,yes,yes,yes,no,yes,yes,yes,yes,no,yes
no,no,no,no,no,yes,yes,no,yes,yes,no,no,no,no,no,no,no
no,no,no,yes,no,no,yes,yes,no,no,yes,no,no,yes,no,no,no
yes,yes,no,yes,no,no,no,yes,no,yes,yes,no,yes,no,yes,no,no
no,no,no,yes,yes,yes,yes,yes,yes,yes,no,yes,yes,yes,yes,yes,yes
no,yes,no,no,no,no,yes,no,yes,no,no,no,no,no,no,yes,no
no,yes,yes,no,yes,yes,yes,yes,no,yes,no,yes,no,yes,no,no,yes
yes,yes,no,no,no,no,yes,yes,yes,no,yes,yes,yes,no,yes,no,no
no,yes,yes,no,yes,no,yes,yes,yes,no,yes,yes,no,yes,yes,yes,yes
yes,yes,yes,no,yes,yes,no,no,no,no,yes,no,no,yes,no,no,no
yes,yes,yes,no,no,yes,no,no,yes,yes,yes,yes,no,no,yes,yes,yes
no,yes,yes,no,no,no,no,no,yes,yes,yes,yes,yes,yes,yes,no,no
no,yes,yes,no,yes,yes,yes,yes,no,no,no,no,no,no,yes,no,yes
no,no,no,no,no,yes,yes,no,no,no,yes,yes,no,yes,no,no,no
yes,yes,no,yes,no,no,yes,no,no,no,yes,yes,no,no,no,no,no
no,yes,no,yes,yes,no,no,yes,no,yes,yes,yes,yes,no,no,yes,no
yes,no,yes,no,no,no,yes,no,no,no,yes,no,yes,no,yes,yes,no
no,yes,no,no,yes,no,no,yes,no,no,no,no,no,yes,yes,yes,no
yes,yes,no,no,yes,no,no,no,no,yes,yes,yes,no,no,no,no,no
no,no,yes,no,yes,yes,no,no,yes,no,yes,yes,yes,yes,no,no,no
yes,yes,no,no,yes,yes,no,no,no,no,yes,no,no,yes,yes,no,no
yes,yes,yes,yes,no,yes,yes,yes,no,yes,no,yes,yes,no,no,no,yes
yes,no,no,yes,yes,no,no,yes,no,yes,no,yes,no,yes,no,yes,no
yes,yes,yes,yes,yes,yes,no,no,no,no,yes,no,no,yes,yes,no,yes
no,no,yes,no,yes,no,no,no,yes,no,no,no,no,yes,no,no,no
yes,yes,no,no,yes,no,no,yes,no,no,yes,yes,yes,no,no,yes,no
yes,no,no,no,yes,yes,no,no,no,no,yes,no,yes,no,no,no,no
yes,yes,yes,no,no,yes,yes,no,no,yes,no,yes,no,no,no,yes,yes
yes,no,yes,no,no,yes,no,yes,yes,no,yes,yes,yes,no,no,yes,no
no,yes,no,yes,yes,no,no,yes,yes,no,yes,yes,yes,yes,yes,yes,no
yes,yes,yes,no,yes,no,yes,yes,no,yes,no,yes,no,yes,no,yes,yes
yes,yes,no,yes,yes,yes,yes,no,no,no,yes,no,no,no,yes,yes,yes
yes,yes,no,yes,no,no,no,no,yes,yes,no,yes,no,no,no,yes,no
no,yes,yes,yes,yes,yes,yes,no,no,yes,no,yes,yes,no,no,no,yes
no,no,no,no,yes,no,yes,no,no,no,yes,yes,no,yes,no,yes,no
no,no,no,yes,no,yes,yes,no,yes,no,yes,yes,yes,no,yes,no,no
yes,yes,yes,yes,yes,yes,yes,no,yes,no,yes,yes,no,yes,no,yes,yes
no,yes,no,no,yes,no,no,no,yes,no,no,yes,no,no,yes,no,no
yes,yes,yes,yes,yes,yes,no,no,no,yes,no,no,no,yes,no,no,yes
yes,no,no,yes,no,yes,no,yes,no,yes,yes,yes,no,yes,no,yes,no
no,yes,yes,yes,yes,no,yes,yes,no,no,no,no,no,no,no,no,yes
no,yes,yes,no,no,yes,yes,yes,yes,yes,no,yes,no,no,no,no,yes
no,yes,yes,no,no,no,yes,yes,yes,no,no,no,no,yes,no,yes,no
yes,yes,yes,yes,yes,no,no,no,yes,no,yes,yes,yes,yes,no,yes,yes
no,yes,yes,yes,no,no,yes,no,yes,no,no,yes,yes,no,yes,yes,no
no,yes,no,no,no,no,yes,no,yes,no,yes,no,no,yes,yes,yes,no
yes,no,no,yes,no,no,no,no,no,yes,yes,yes,no,yes,no,no,no
no,yes,yes,no,yes,no,yes,yes,yes,yes,no,yes,yes,no,yes,no,yes
yes,yes,no,no,no,yes,no,yes,yes,yes,no,no,no,yes,yes,no,yes
no,no,yes,yes,yes,yes,yes,yes,yes,yes,yes,yes,no,no,yes,no,yes
yes,yes,yes,yes,no,yes,no,yes,yes,yes,yes,yes,yes,yes,yes,no,yes
yes,yes,yes,no,no,yes,no,yes,no,yes,yes,yes,no,yes,no,yes,yes
no,yes,no,yes,yes,yes,yes,yes,no,no,no,yes,no,no,no,yes,yes
yes,yes,yes,yes,no,yes,yes,yes,no,yes,no,no,no,yes,no,yes,yes
yes,yes,yes,no,yes,yes,no,yes,no,yes,yes,yes,no,no,no,yes,yes
no,no,yes,no,yes,no,no,yes,yes,no,yes,yes,yes,no,no,yes,no
no,no,no,yes,no,no,no,yes,yes,no,no,yes,no,yes,yes,no,no
yes,no,no,yes,no,yes,no,yes,yes,yes,no,no,no,no,no,no,yes
yes,yes,yes,yes,yes,no,yes,yes,yes,no,no,no,no,no,yes,yes,yes
no,yes,yes,yes,no,yes,yes,yes,yes,no,yes,no,no,no,yes,yes,yes
yes,no,yes,no,no,yes,no,no,no,yes,no,yes,no,yes,no,no,no
no,yes,yes,yes,yes,no,yes,no,yes,no,no,yes,no,no,no,yes,yes
yes,yes,yes,yes,no,no,yes,no,no,yes,no,yes,no,yes,no,yes,yes
no,yes,no,no,yes,yes,no,yes,no,no,yes,no,yes,yes,yes,no,no
yes,no,yes,yes,yes,yes,no,no,no,yes,yes,yes,no,no,yes,yes,yes
yes,no,no,yes,yes,yes,yes,yes,yes,no,no,yes,no,no,no,no,yes
yes,yes,no,yes,no,yes,yes,yes,no,no,yes,no,yes,no,no,no,yes
yes,no,yes,no,yes,no,yes,no,yes,yes,yes,no,no,yes,yes,yes,yes
no,yes,yes,yes,yes,no,yes,yes,yes,yes,yes,no,yes,no,no,no,yes
no,yes,no,yes,no,no,yes,yes,no,no,yes,no,yes,yes,yes,yes,no
no,no,yes,no,yes,no,no,yes,no,no,yes,yes,yes,no,yes,yes,no
yes,no,no,no,no,yes,no,yes,no,yes,yes,yes,no,yes,no,no,no
yes,no,yes,yes,no,no,yes,no,no,yes,no,yes,yes,no,yes,yes,no
yes,yes,yes,no,no,no,no,yes,yes,no,yes,yes,yes,no,no,no,no
no,yes,no,yes,yes,no,yes,no,no,no,yes,yes,no,yes,yes,yes,no
yes,no,no,no,yes,yes,yes,yes,yes,no,yes,yes,yes,no,no,yes,yes
yes,yes,no,no,no,no,yes,no,yes,no,yes,no,no,yes,no,no,no
yes,no,no,yes,no,yes,no,no,no,yes,yes,yes,no,yes,no,no,no
no,no,yes,yes,no,yes,yes,no,no,no,yes,no,no,yes,yes,no,no
no,yes,no,no,no,no,yes,no,no,yes,yes,yes,no,yes,yes,yes,no
yes,yes,no,yes,yes,yes,no,no,yes,no,no,yes,no,no,yes,no,yes
yes,yes,no,no,yes,yes,yes,yes,yes,no,no,yes,no,yes,no,no,yes
no,yes,no,no,no,yes,no,yes,yes,yes,yes,yes,yes,no,yes,yes,no
no,yes,yes,yes,no,no,no,no,yes,yes,no,yes,yes,yes,no,yes,no
yes,no,yes,yes,no,yes,yes,yes,yes,no,no,no,no,yes,no,no,yes
no,yes,no,no,yes,yes,no,no,yes,no,yes,no,yes,no,yes,yes,no
no,yes,no,no,no,yes,yes,yes,yes,yes,yes,yes,yes,yes,yes,no,yes
no,yes,no,yes,yes,no,yes,no,no,no,no,no,yes,no,yes,yes,no
yes,no,no,no,yes,no,no,yes,no,no,yes,no,no,no,yes,yes,no
no,no,yes,yes,no,yes,no,no,no,yes,no,yes,no,no,no,no,no
no,yes,yes,no,yes,yes,no,no,no,yes,yes,yes,yes,yes,yes,no,no
no,no,no,no,no,yes,yes,no,no,yes,no,no,no,yes,yes,no,no
no,no,no,yes,no,no,yes,yes,no,yes,yes,no,yes,no,no,yes,no
no,no,yes,no,yes,no,no,yes,no,no,yes,no,no,yes,no,no,no
yes,no,yes,no,no,no,yes,yes,no,yes,yes,yes,yes,no,yes,no,no
no,no,no,yes,yes,no,no,no,yes,yes,no,yes,yes,yes,no,no,no
no,no,no,yes,yes,yes,yes,no,yes,yes,yes,no,no,yes,yes,no,yes
no,yes,no,yes,no,yes,yes,yes,yes,yes,no,no,no,yes,no,no,yes
no,yes,no,no,no,yes,no,yes,yes,yes,no,no,no,no,no,no,no
yes,no,no,yes,yes,no,yes,no,no,yes,yes,yes,no,yes,no,no,no
yes,no,no,no,no,no,yes,yes,yes,no,yes,no,yes,no,no,no,no
yes,no,yes,yes,yes,no,no,yes,yes,no,no,yes,no,no,yes,no,yes
no,no,no,no,yes,no,no,no,no,no,no,no,yes,yes,yes,yes,no
no,yes,no,no,no,yes,no,yes,no,no,no,no,no,yes,yes,no,no
yes,no,no,no,no,no,yes,no,no,yes,no,no,no,no,yes,yes,no
yes,yes,yes,no,no,yes,yes,no,yes,no,no,yes,no,yes,yes,yes,yes
yes,yes,no,yes,no,no,no,no,no,yes,yes,no,no,no,no,no,no
yes,yes,no,no,yes,yes,yes,no,no,yes,yes,no,no,yes,no,yes,yes
no,no,no,yes,no,yes,no,yes,no,no,yes,no,yes,no,no,no,no
yes,yes,yes,yes,yes,no,no,yes,no,yes,no,yes,yes,no,no,yes,yes
no,yes,yes,no,no,yes,no,no,yes,yes,no,no,no,no,yes,yes,no
no,yes,yes,no,no,yes,yes,yes,no,no,no,yes,no,yes,yes,yes,no
yes,no,no,no,yes,no,yes,no,no,yes,no,yes,no,no,no,yes,no
no,yes,no,yes,no,no,no,yes,yes,yes,yes,no,no,no,yes,no,no
yes,yes,yes,no,yes,yes,yes,yes,yes,yes,no,no,yes,yes,no,yes,yes
no,yes,yes,no,yes,yes,yes,no,no,yes,no,no,no,yes,no,no,yes
no,no,no,no,no,yes,no,yes,yes,no,no,no,yes,no,no,no,no
no,yes,no,no,yes,no,yes,no,no,no,no,no,yes,no,no,no,no
no,no,yes,no,no,yes,no,no,yes,yes,no,yes,no,yes,no,yes,no
no,yes,no,no,yes,no,no,yes,no,no,no,no,yes,yes,yes,no,no
yes,no,no,yes,yes,yes,yes,no,yes,yes,yes,no,yes,no,yes,no,yes
yes,no,yes,yes,no,no,yes,no,no,no,no,yes,yes,no,no,yes,no
no,yes,yes,yes,yes,yes,yes,yes,yes,yes,yes,no,no,no,yes,no,yes
no,yes,yes,yes,no,yes,yes,yes,yes,yes,no,yes,no,yes,yes,yes,yes
yes,yes,no,no,yes,yes,yes,no,yes,no,yes,no,yes,yes,yes,no,yes
yes,no,no,no,yes,no,no,yes,no,no,no,no,yes,yes,no,no,no
yes,no,no,no,no,no,no,no,yes,no,yes,no,no,yes,yes,no,no
no,yes,yes,yes,no,no,yes,no,yes,yes,no,yes,yes,no,yes,yes,yes
yes,no,no,no,yes,yes,no,yes,no,yes,no,yes,yes,no,no,no,no
yes,yes,yes,yes,yes,yes,yes,no,yes,no,no,no,no,yes,yes,yes,yes
no,yes,yes,no,no,yes,yes,no,yes,yes,yes,no,no,yes,no,no,yes
no,yes,yes,no,yes,no,yes,no,yes,no,no,yes,yes,yes,yes,yes,no
no,yes,no,yes,no,no,yes,no,no,yes,yes,no,no,yes,yes,no,no
no,no,no,no,yes,no,yes,no,yes,yes,yes,yes,no,yes,yes,no,no
no,yes,yes,no,yes,yes,yes,no,no,no,no,no,no,no,no,no,no
no,no,yes,no,no,yes,no,yes,no,yes,yes,yes,yes,no,no,no,no
no,yes,yes,yes,no,no,no,no,yes,no,no,yes,yes,yes,yes,yes,no
yes,no,yes,no,yes,yes,no,yes,yes,yes,no,yes,no,no,no,yes,yes
no,yes,yes,yes,no,no,yes,yes,no,yes,no,no,no,no,no,no,yes
no,yes,yes,yes,no,yes,yes,yes,yes,no,yes,yes,no,yes,no,no,yes
no,no,yes,no,yes,yes,no,yes,no,yes,yes,yes,yes,yes,no,no,no
yes,no,no,no,yes,yes,no,no,yes,no,yes,yes,no,no,no,yes,no
yes,yes,no,yes,yes,no,yes,no,yes,no,no,yes,no,no,yes,yes,yes
yes,no,yes,yes,no,no,yes,yes,yes,yes,no,yes,yes,yes,no,no,yes
yes,yes,yes,yes,yes,yes,yes,yes,no,no,yes,no,no,yes,yes,yes,yes
no,yes,yes,yes,no,no,yes,no,no,no,no,no,yes,yes,yes,yes,no
yes,yes,yes,no,no,no,no,yes,yes,yes,no,yes,yes,yes,yes,no,yes
no,no,no,no,no,yes,no,yes,yes,yes,yes,yes,yes,yes,yes,no,no
yes,yes,yes,no,no,yes,no,yes,yes,no,no,yes,no,yes,no,no,yes
no,yes,yes,no,yes,yes,no,no,yes,no,yes,yes,yes,no,no,yes,no
yes,yes,no,yes,yes,yes,yes,no,no,yes,no,no,no,yes,yes,no,yes
no,yes,no,yes,no,yes,yes,yes,yes,yes,yes,no,no,no,no,no,yes
no,no,yes,no,no,no,no,yes,yes,yes,no,yes,no,yes,no,yes,no
no,no,no,yes,yes,yes,no,yes,yes,yes,no,yes,yes,no,no,yes,yes
no,no,yes,no,yes,no,no,yes,no,no,no,yes,yes,yes,no,yes,no
no,yes,no,yes,yes,yes,yes,yes,yes,no,yes,no,no,yes,no,yes,yes
yes,yes,yes,yes,no,yes,yes,yes,yes,yes,yes,no,yes,yes,no,no,yes
no,no,no,yes,yes,yes,yes,yes,yes,no,no,no,no,yes,no,yes,yes
no,yes,yes,no,no,yes,no,no,yes,no,yes,no,no,yes,no,no,no
no,no,yes,yes,no,yes,no,yes,no,yes,yes,yes,no,yes,yes,no,no
yes,yes,no,yes,no,no,no,yes,yes,no,no,yes,yes,no,no,yes,no
yes,no,no,no,no,no,yes,no,no,yes,yes,yes,no,no,no,yes,no
no,yes,yes,yes,no,no,yes,yes,yes,yes,yes,no,no,yes,yes,no,yes
yes,no,no,yes,yes,yes,no,no,yes,no,no,yes,no,yes,no,yes,no
yes,no,yes,no,yes,yes,yes,yes,yes,no,no,yes,no,yes,yes,no,yes
yes,yes,yes,no,yes,no,no,yes,no,yes,yes,no,yes,yes,yes,no,yes
yes,yes,no,yes,no,no,yes,yes,yes,yes,yes,yes,no,no,no,no,yes
no,yes,no,no,yes,yes,yes,yes,no,yes,yes,yes,yes,yes,no,yes,yes
no,no,no,yes,no,no,yes,no,yes,yes,no,no,no,yes,no,no,no
yes,yes,no,no,no,no,no,no,no,no,yes,yes,no,no,no,yes,no
yes,yes,yes,no,no,yes,yes,yes,yes,no,yes,yes,yes,no,yes,yes,yes
yes,yes,no,yes,yes,no,no,no,no,no,no,no,yes,yes,yes,yes,no
no,yes,yes,yes,yes,no,no,yes,yes,no,no,yes,yes,yes,yes,no,yes
no,no,no,no,no,no,yes,no,yes,yes,no,no,yes,no,yes,no,no
no,yes,yes,no,yes,yes,no,no,no,no,yes,no,no,no,no,no,no
yes,no,no,yes,yes,no,yes,no,no,no,no,no,no,no,yes,no,no
yes,yes,no,yes,no,no,yes,yes,yes,no,yes,no,yes,no,yes,no,yes
no,yes,no,no,yes,no,yes,yes,no,no,yes,no,no,yes,yes,no,no
no,yes,no,yes,no,no,yes,no,no,no,no,no,no,no,yes,no,no
no,yes,yes,no,no,no,no,no,no,no,yes,no,no,no,no,no,no
no,no,no,no,yes,yes,no,yes,yes,no,no,no,no,yes,yes,yes,no
yes,no,no,yes,no,yes,yes,no,no,no,yes,no,yes,no,yes,no,no
no,no,yes,no,yes,yes,no,yes,yes,no,no,yes,yes,yes,yes,no,no
yes,yes,yes,no,no,yes,no,yes,yes,no,yes,no,no,yes,no,no,yes
no,yes,no,yes,yes,no,yes,yes,yes,no,yes,yes,yes,yes,yes,no,yes
no,no,no,yes,yes,yes,no,no,no,yes,yes,no,no,no,no,yes,no
yes,no,no,yes,yes,yes,yes,no,no,yes,yes,no,no,no,no,yes,yes
yes,yes,yes,yes,yes,yes,yes,yes,no,no,no,yes,yes,no,no,yes,yes
no,no,no,yes,no,no,yes,no,no,no,no,no,yes,no,no,yes,no
yes,yes,no,no,yes,yes,yes,yes,yes,no,no,no,yes,no,no,no,yes
yes,yes,yes,yes,no,yes,no,no,no,no,no,no,no,yes,yes,no,no
no,yes,no,no,yes,yes,no,no,yes,yes,no,no,yes,no,no,yes,no
no,no,yes,no,no,no,no,no,no,yes,no,no,yes,no,no,no,no
no,yes,yes,yes,yes,no,no,no,no,no,yes,no,no,no,yes,yes,no
yes,no,yes,no,no,no,no,no,yes,no,yes,no,no,yes,yes,no,no
no,no,yes,no,no,yes,yes,yes,no,no,no,yes,no,yes,no,yes,no
yes,no,yes,no,yes,yes,no,no,yes,no,yes,yes,no,yes,no,yes,no
no,yes,yes,yes,no,yes,yes,no,no,yes,yes,yes,yes,yes,no,yes,yes
yes,yes,no,no,yes,no,yes,yes,yes,yes,no,no,no,yes,no,yes,yes
no,yes,no,no,no,no,yes,yes,no,no,no,yes,yes,yes,no,yes,no
no,yes,no,yes,no,yes,no,yes,no,no,no,yes,no,yes,no,yes,no
yes,no,yes,no,yes,yes,no,yes,no,no,yes,yes,no,yes,yes,yes,no
yes,yes,no,yes,yes,yes,no,yes,yes,yes,no,no,no,yes,yes,no,yes
yes,yes,no,yes,no,no,no,yes,no,no,yes,yes,no,yes,no,no,no
yes,yes,no,yes,yes,no,no,yes,yes,no,yes,no,no,no,yes,no,yes
yes,no,no,no,yes,no,no,no,no,no,no,yes,yes,no,yes,no,no
yes,yes,no,yes,no,yes,yes,yes,yes,yes,yes,no,no,no,no,no,yes
yes,no,yes,no,no,no,yes,no,yes,no,yes,yes,yes,yes,yes,no,no
yes,yes,yes,yes,yes,no,yes,yes,yes,no,yes,yes,yes,no,no,no,yes
yes,yes,no,yes,yes,yes,no,no,yes,yes,no,yes,yes,yes,no,yes,yes
no,yes,yes,no,yes,no,no,no,yes,no,no,yes,yes,no,no,yes,no
no,yes,no,yes,no,yes,no,no,no,no,yes,yes,yes,no,no,no,no
no,no,yes,no,no,yes,no,no,yes,yes,no,yes,yes,no,no,yes,no
yes,yes,no,yes,no,yes,yes,yes,yes,no,yes,no,no,no,yes,no,yes
yes,yes,no,no,yes,yes,yes,yes,no,yes,no,no,yes,no,yes,yes,yes
no,no,yes,no,yes,no,no,yes,no,yes,yes,yes,no,no,no,no,no
no,no,no,no,no,no,no,yes,yes,no,no,yes,no,no,no,no,no
no,no,no,no,yes,yes,yes,yes,no,yes,yes,yes,yes,yes,yes,no,no
yes,yes,yes,yes,yes,yes,yes,yes,yes,yes,no,no,yes,yes,yes,yes,yes
no,yes,yes,no,yes,no,no,yes,yes,no,yes,yes,yes,yes,yes,no,no
yes,no,yes,no,no,no,no,yes,no,yes,yes,yes,yes,yes,yes,no,no
no,yes,yes,yes,yes,no,yes,yes,no,no,no,yes,no,no,yes,no,yes
no,no,no,no,no,yes,yes,no,no,yes,yes,yes,no,no,no,no,no
no,no,yes,no,yes,yes,no,yes,no,no,no,no,no,yes,yes,yes,no
yes,yes,no,no,yes,yes,yes,no,yes,no,no,no,yes,yes,yes,no,yes
yes,yes,yes,yes,yes,yes,no,no,no,no,yes,no,no,yes,yes,yes,yes
yes,yes,yes,no,no,yes,no,yes,no,yes,no,no,yes,no,yes,no,yes
yes,no,no,no,no,no,yes,no,yes,yes,yes,yes,yes,yes,yes,no,no
yes,no,yes,no,yes,yes,no,yes,yes,no,yes,yes,yes,yes,no,yes,yes
no,no,no,yes,yes,yes,no,no,yes,no,yes,yes,yes,no,no,no,no
no,no,yes,yes,yes,yes,yes,no,no,yes,no,yes,yes,no,yes,yes,yes
no,no,yes,no,no,yes,yes,yes,yes,no,yes,yes,yes,no,yes,no,no
yes,yes,yes,no,no,yes,yes,yes,no,yes,yes,yes,yes,no,no,yes,yes
yes,yes,no,yes,no,no,no,no,yes,yes,yes,yes,yes,yes,yes,yes,no
no,yes,yes,yes,yes,no,no,no,yes,no,no,yes,no,yes,no,yes,no
no,yes,yes,yes,no,no,no,yes,no,yes,yes,no,yes,yes,yes,no,no
yes,yes,yes,yes,no,no,no,no,yes,no,no,no,no,no,no,yes,no
no,yes,yes,no,yes,no,yes,yes,no,yes,no,no,no,yes,yes,yes,yes
no,yes,no,no,yes,yes,no,yes,no,yes,yes,yes,no,no,yes,yes,no
yes,no,no,no,yes,no,no,yes,yes,yes,yes,no,yes,yes,no,no,no
yes,no,no,yes,yes,yes,yes,yes,no,yes,no,no,yes,no,no,no,yes
no,yes,yes,yes,no,yes,yes,no,no,yes,yes,no,yes,yes,no,yes,yes
yes,no,no,yes,yes,yes,no,yes,yes,no,yes,no,yes,yes,yes,no,yes
no,yes,no,no,no,no,no,yes,no,no,no,no,no,yes,yes,no,no
no,no,no,no,yes,yes,yes,no,yes,yes,yes,no,no,no,no,yes,no
no,no,no,yes,yes,yes,no,no,yes,yes,no,yes,no,yes,yes,no,no
no,no,no,yes,yes,no,yes,yes,no,no,no,no,no,no,no,yes,no
yes,no,no,yes,yes,yes,no,yes,yes,no,no,yes,yes,yes,yes,yes,yes
yes,no,yes,yes,yes,yes,no,yes,yes,yes,no,no,no,no,yes,no,yes
no,yes,no,yes,yes,yes,no,yes,no,no,no,no,no,yes,no,no,no
no,yes,yes,no,yes,yes,yes,yes,yes,yes,no,no,no,no,no,yes,yes
no,no,no,no,yes,no,yes,no,yes,yes,no,yes,no,no,yes,yes,no
no,no,yes,yes,no,yes,yes,yes,no,yes,no,yes,yes,no,yes,yes,yes
yes,yes,yes,no,yes,no,no,no,yes,no,no,no,no,no,yes,no,no
yes,yes,no,no,no,no,no,no,no,yes,yes,yes,yes,no,no,no,no
no,no,no,no,no,yes,yes,no,no,no,no,no,yes,no,yes,yes,no
yes,yes,yes,yes,yes,no,yes,yes,no,no,yes,no,no,yes,no,yes,yes
yes,yes,yes,no,no,yes,no,no,yes,yes,no,yes,yes,yes,yes,no,yes
yes,no,no,no,no,no,no,no,no,yes,no,no,no,yes,yes,no,no
no,no,yes,yes,no,yes,yes,yes,yes,yes,no,no,no,no,no,no,yes
yes,no,yes,yes,yes,no,yes,no,yes,yes,no,no,yes,no,no,no,yes
no,no,yes,no,yes,no,yes,no,yes,no,yes,yes,yes,no,yes,no,no
yes,no,no,yes,yes,no,yes,yes,yes,no,yes,yes,no,yes,no,no,yes
yes,yes,no,yes,no,yes,yes,no,no,no,no,yes,no,yes,yes,yes,no
yes,no,yes,no,no,yes,no,no,yes,no,no,no,yes,no,yes,no,no
no,yes,no,yes,yes,no,no,no,no,no,yes,no,yes,yes,no,no,no
yes,yes,no,no,no,yes,no,yes,no,yes,no,yes,no,no,yes,yes,no
no,yes,no,no,no,no,no,no,yes,yes,no,yes,no,no,no,yes,no
yes,yes,yes,no,yes,no,no,yes,yes,no,yes,no,no,yes,no,yes,yes
no,yes,no,yes,no,yes,no,no,no,no,no,no,yes,no,yes,yes,no
no,yes,yes,yes,yes,no,yes,yes,no,yes,no,yes,yes,yes,no,yes,yes
yes,yes,yes,yes,yes,no,yes,no,yes,no,yes,yes,no,no,yes,yes,yes
yes,yes,yes,no,yes,no,yes,no,yes,no,no,yes,no,yes,yes,no,yes
yes,yes,yes,yes,yes,no,no,no,yes,yes,yes,yes,no,yes,no,no,yes
no,yes,yes,yes,no,no,no,yes,yes,no,yes,no,yes,yes,no,yes,no
no,yes,no,no,no,yes,yes,no,no,yes,no,no,no,no,no,no,no
no,no,no,yes,yes,yes,yes,yes,no,no,no,yes,yes,no,yes,no,no
yes,no,no,yes,no,yes,yes,no,no,no,yes,no,no,yes,no,yes,no
yes,yes,yes,yes,yes,no,yes,no,no,no,yes,yes,yes,no,yes,no,yes
yes,no,yes,yes,yes,no,no,yes,yes,no,yes,no,yes,no,no,yes,yes
no,no,yes,yes,yes,no,no,yes,yes,no,no,no,no,no,no,no,no
no,no,yes,yes,no,yes,yes,yes,yes,no,no,no,yes,no,no,yes,yes
yes,yes,yes,no,yes,no,yes,no,yes,no,yes,no,no,yes,no,no,yes
yes,no,yes,yes,yes,yes,yes,no,no,yes,yes,yes,no,yes,yes,no,yes
yes,no,no,no,yes,yes,no,yes,yes,yes,yes,no,no,no,no,no,yes
yes,no,no,no,yes,yes,no,no,no,yes,no,yes,yes,yes,no,no,no
no,yes,yes,no,no,yes,no,yes,no,no,yes,yes,yes,no,no,yes,no
yes,yes,no,yes,yes,no,no,yes,yes,no,yes,yes,yes,yes,no,yes,yes
no,yes,no,yes,no,yes,no,no,yes,yes,yes,no,no,yes,yes,yes,no
no,yes,yes,no,yes,no,no,no,no,no,yes,yes,no,no,yes,no,no
yes,yes,yes,no,yes,yes,yes,no,no,yes,yes,yes,no,no,yes,no,yes
yes,no,yes,no,yes,yes,yes,no,no,no,yes,no,no,no,yes,yes,no
no,no,yes,no,yes,yes,yes,yes,yes,no,no,no,no,yes,no,yes,yes
yes,no,yes,yes,yes,no,yes,no,no,no,no,yes,yes,no,no,yes,no
no,no,no,yes,yes,no,yes,yes,yes,yes,yes,no,yes,yes,yes,yes,yes
yes,no,yes,yes,no,yes,yes,yes,yes,yes,no,yes,yes,yes,no,yes,yes
yes,yes,yes,yes,yes,no,yes,no,no,yes,no,yes,yes,yes,yes,yes,yes
yes,yes,no,no,no,no,yes,yes,yes,yes,yes,no,yes,no,no,no,yes
yes,no,no,yes,yes,no,no,yes,yes,no,yes,no,no,yes,no,no,no
yes,yes,no,no,yes,no,no,no,yes,yes,no,no,yes,no,no,yes,no
yes,yes,no,yes,no,no,yes,yes,yes,no,no,yes,yes,yes,no,yes,yes
yes,yes,yes,no,no,no,no,no,yes,no,no,yes,no,yes,no,yes,no
yes,yes,no,no,no,yes,no,no,yes,yes,yes,no,no,yes,yes,yes,no
yes,no,no,no,yes,yes,no,no,no,no,yes,no,no,no,no,no,no
yes,yes,yes,no,no,no,yes,no,yes,yes,no,yes,no,no,no,yes,yes
no,no,yes,no,no,yes,yes,yes,yes,no,yes,no,no,yes,no,no,no
yes,no,no,no,no,no,no,no,no,no,yes,yes,no,no,yes,yes,no
no,no,yes,no,no,yes,no,no,no,no,no,no,yes,no,no,no,no
yes,yes,no,yes,no,no,yes,no,no,yes,yes,yes,no,yes,yes,no,no
yes,no,no,yes,yes,no,yes,yes,no,no,yes,no,yes,yes,yes,no,no
yes,no,yes,no,yes,yes,yes,no,yes,yes,no,yes,no,yes,no,yes,yes
yes,yes,yes,yes,no,yes,yes,yes,yes,no,no,yes,no,yes,yes,no,yes
yes,no,no,yes,yes,no,yes,no,yes,yes,no,no,yes,yes,yes,no,yes
no,yes,yes,no,no,no,yes,no,yes,no,no,yes,no,no,no,no,no
no,no,no,yes,yes,yes,no,no,no,yes,yes,yes,yes,yes,no,no,no
no,yes,yes,no,yes,no,yes,no,yes,yes,no,yes,no,yes,yes,yes,yes
yes,no,yes,yes,no,yes,no,yes,yes,no,no,yes,yes,no,no,yes,yes
yes,no,no,yes,no,no,no,yes,no,no,yes,yes,no,no,yes,no,no
no,yes,no,yes,yes,yes,no,no,no,yes,yes,no,yes,yes,no,no,no
no,yes,no,yes,yes,no,no,no,no,yes,no,no,no,yes,no,no,no
no,no,no,yes,yes,no,no,no,yes,yes,yes,no,no,no,yes,yes,no
yes,yes,no,yes,no,no,no,no,yes,no,no,yes,yes,yes,yes,no,no
yes,no,no,yes,yes,no,yes,no,no,no,no,no,no,no,no,yes,no
yes,yes,yes,no,yes,no,yes,yes,yes,no,no,yes,no,yes,yes,yes,yes
yes,no,no,no,no,no,yes,yes,yes,yes,yes,yes,no,no,no,yes,no
yes,no,yes,yes,yes,yes,no,no,no,no,no,no,yes,yes,no,yes,no
no,yes,yes,yes,no,yes,yes,no,yes,no,no,yes,no,no,yes,yes,yes
yes,no,no,yes,yes,no,yes,no,no,no,no,no,yes,yes,yes,no,no
yes,yes,yes,yes,no,yes,no,no,no,no,yes,no,yes,yes,no,no,no
yes,yes,no,no,no,no,no,no,yes,yes,no,no,yes,yes,yes,yes,no
no,yes,yes,yes,yes,yes,yes,yes,no,no,no,no,yes,yes,no,yes,yes
yes,yes,yes,no,yes,no,no,yes,yes,yes,yes,yes,yes,no,yes,no,yes
yes,yes,no,no,no,no,no,yes,yes,no,yes,no,no,no,yes,no,no
no,no,yes,no,no,no,no,no,yes,no,yes,yes,no,yes,yes,no,no
yes,no,yes,yes,no,yes,no,no,no,no,yes,no,no,no,yes,yes,no
yes,no,yes,no,yes,no,no,yes,yes,no,yes,no,no,no,yes,yes,no
no,no,no,yes,yes,yes,no,no,yes,no,no,yes,yes,no,yes,yes,no
no,yes,yes,no,no,yes,no,no,yes,no,yes,yes,no,yes,no,no,no
no,no,yes,yes,no,no,yes,no,yes,no,no,no,yes,no,yes,yes,no
yes,yes,yes,no,yes,no,no,yes,yes,yes,yes,no,no,no,no,no,yes
no,no,yes,yes,yes,no,no,no,yes,yes,no,yes,no,no,yes,yes,no
yes,yes,no,yes,yes,no,yes,yes,yes,yes,no,yes,no,no,yes,no,yes
yes,yes,yes,yes,yes,yes,yes,no,no,no,yes,no,yes,no,yes,yes,yes
no,no,yes,no,no,no,no,yes,no,yes,yes,yes,yes,yes,no,yes,no
yes,yes,yes,no,no,no,yes,yes,no,yes,no,yes,yes,no,no,no,yes
no,yes,yes,yes,yes,yes,no,no,yes,no,no,yes,yes,yes,no,yes,yes
yes,yes,no,no,yes,yes,no,no,no,no,no,yes,no,yes,yes,no,no
yes,no,yes,yes,no,no,yes,yes,yes,no,no,no,yes,no,no,no,yes
no,yes,yes,yes,no,yes,yes,yes,no,yes,yes,no,no,no,yes,yes,yes
yes,yes,no,no,yes,yes,no,yes,yes,no,no,yes,yes,yes,yes,yes,yes
no,no,no,yes,no,yes,yes,yes,yes,yes,no,no,yes,yes,yes,no,yes
no,yes,yes,yes,no,yes,yes,yes,no,no,no,yes,yes,no,yes,no,yes
no,no,no,no,no,yes,no,no,no,no,no,yes,yes,no,no,no,no
yes,no,yes,yes,yes,yes,yes,yes,no,yes,no,no,yes,no,no,yes,yes
no,yes,yes,yes,yes,yes,no,yes,no,yes,yes,no,no,no,no,yes,yes
yes,no,no,yes,yes,yes,yes,yes,no,yes,no,yes,yes,yes,no,no,yes
yes,no,yes,yes,no,yes,no,yes,yes,no,yes,yes,yes,yes,no,no,yes
yes,yes,no,no,no,yes,yes,yes,yes,no,yes,no,yes,yes,yes,yes,yes
yes,no,yes,no,no,no,yes,yes,yes,no,yes,yes,no,yes,no,yes,no
yes,no,no,yes,no,yes,yes,no,yes,no,no,no,no,no,no,yes,no
no,yes,yes,yes,no,no,no,no,yes,yes,yes,yes,no,no,yes,no,no
yes,yes,yes,yes,yes,yes,no,no,yes,no,no,yes,yes,no,yes,no,yes
yes,yes,yes,yes,no,no,no,yes,no,no,yes,no,no,no,no,yes,no
no,no,no,yes,no,no,no,yes,yes,no,no,no,yes,yes,yes,yes,no
yes,yes,yes,yes,no,no,no,yes,yes,no,yes,no,no,no,yes,yes,yes
no,no,yes,yes,no,yes,no,no,yes,yes,yes,no,yes,no,no,no,no
yes,no,yes,no,yes,no,no,yes,yes,no,no,yes,no,no,no,no,no
yes,yes,no,no,yes,no,yes,yes,yes,yes,no,no,no,yes,no,no,yes
no,no,no,no,no,yes,no,yes,yes,no,no,yes,no,no,yes,no,no
no,no,no,no,no,no,yes,no,yes,no,no,no,no,yes,yes,yes,no
no,yes,no,yes,yes,no,yes,yes,yes,no,no,no,yes,yes,no,no,yes
yes,yes,no,no,yes,no,no,no,yes,yes,yes,no,no,yes,yes,no,no
no,yes,yes,yes,no,no,no,yes,no,yes,no,no,yes,no,yes,yes,no
no,yes,yes,no,no,no,no,yes,yes,no,yes,yes,no,no,no,no,no
yes,no,no,no,yes,yes,no,no,no,no,yes,no,yes,yes,yes,no,no
no,no,no,yes,no,yes,no,no,no,yes,no,no,no,yes,no,no,no
yes,no,yes,yes,no,no,yes,no,no,no,no,yes,no,yes,no,yes,no
no,yes,yes,no,no,no,yes,no,yes,yes,no,no,no,no,no,yes,no
no,yes,yes,yes,yes,no,no,yes,no,yes,yes,yes,yes,no,yes,yes,yes
no,no,no,no,no,no,no,no,no,no,no,yes,no,no,no,yes,no
no,yes,no,yes,no,no,no,no,no,no,yes,no,yes,no,no,yes,no
no,no,no,yes,yes,no,no,no,no,no,yes,yes,yes,yes,yes,yes,no
no,no,yes,no,no,no,yes,no,yes,no,no,yes,no,no,no,yes,no
no,yes,yes,yes,yes,no,no,yes,no,no,yes,no,yes,no,yes,no,no
no,no,yes,yes,yes,yes,yes,yes,yes,no,yes,yes,yes,no,yes,no,yes
yes,no,no,no,no,no,no,no,no,no,no,no,no,yes,yes,yes,no
yes,no,no,yes,yes,no,no,yes,yes,no,yes,no,yes,no,yes,yes,no
no,yes,yes,no,no,yes,no,no,yes,yes,no,yes,yes,yes,no,yes,no
no,yes,yes,yes,no,no,no,no,no,no,yes,yes,yes,yes,no,yes,no
no,yes,no,no,no,no,no,yes,yes,yes,yes,yes,yes,no,no,yes,no
no,yes,no,yes,no,no,no,yes,yes,yes,no,yes,no,yes,no,no,no
no,yes,no,no,yes,yes,no,no,yes,no,no,yes,yes,yes,yes,yes,no
yes,no,yes,yes,no,yes,no,no,no,yes,yes,yes,yes,yes,yes,no,no
no,no,yes,yes,yes,yes,yes,yes,yes,yes,yes,no,no,no,yes,no,yes
yes,no,no,no,no,yes,yes,yes,yes,no,yes,yes,yes,no,no,yes,no
yes,no,yes,yes,yes,no,no,yes,no,no,yes,no,yes,no,yes,yes,no
yes,no,yes,no,no,no,yes,no,no,no,no,no,no,yes,yes,yes,no
yes,yes,yes,yes,yes,no,yes,yes,no,no,no,yes,yes,no,yes,yes,yes
no,no,no,no,yes,no,yes,no,no,yes,no,yes,yes,yes,no,no,no
yes,no,yes,no,yes,yes,no,no,no,yes,no,no,no,no,no,no,no
yes,no,no,no,no,no,yes,yes,yes,yes,yes,no,yes,no,yes,yes,no
yes,yes,no,yes,no,yes,yes,yes,no,yes,no,no,no,no,yes,yes,yes
no,yes,no,no,yes,yes,no,yes,no,yes,yes,no,yes,yes,yes,no,no
no,no,yes,no,no,no,no,yes,no,yes,yes,yes,yes,no,no,no,no
yes,yes,no,no,no,yes,no,yes,yes,no,no,no,yes,yes,yes,no,no
no,yes,yes,yes,no,no,yes,yes,no,no,no,yes,no,yes,yes,yes,no
no,yes,yes,yes,yes,yes,yes,yes,yes,no,no,yes,no,yes,no,yes,yes
yes,no,no,no,yes,no,no,yes,yes,yes,yes,yes,no,yes,yes,yes,no
yes,no,yes,no,yes,no,yes,no,yes,yes,no,no,no,yes,yes,no,yes
no,yes,yes,no,no,yes,yes,yes,no,no,no,yes,no,yes,yes,yes,no
yes,no,yes,no,no,yes,yes,no,no,yes,yes,no,yes,yes,yes,no,no
yes,yes,yes,yes,no,yes,yes,yes,no,yes,yes,yes,no,no,no,no,yes
yes,no,no,yes,no,no,yes,no,yes,yes,yes,no,yes,yes,no,yes,no
no,no,yes,no,yes,yes,no,yes,no,no,no,no,no,no,no,yes,no
yes,yes,yes,no,yes,no,no,no,no,yes,no,yes,yes,no,no,no,no
no,yes,no,no,yes,yes,yes,no,yes,no,yes,yes,no,no,yes,no,no
yes,yes,yes,no,no,yes,no,no,yes,no,no,yes,yes,yes,yes,yes,no
no,yes,yes,yes,yes,yes,no,yes,no,yes,yes,yes,no,no,yes,yes,yes
no,no,yes,yes,no,no,yes,no,yes,no,no,no,yes,no,no,no,no
yes,no,yes,no,no,yes,yes,yes,yes,no,yes,yes,yes,no,yes,no,yes
no,yes,no,no,yes,no,yes,no,yes,no,no,yes,no,no,no,yes,no
no,no,yes,yes,no,no,no,no,no,yes,no,yes,no,yes,yes,yes,no
no,no,no,no,yes,yes,no,no,yes,yes,no,no,yes,no,yes,yes,no
no,yes,no,no,yes,no,yes,yes,yes,yes,yes,no,yes,no,no,no,yes
no,yes,yes,no,yes,yes,yes,yes,no,yes,yes,no,no,yes,yes,no,yes
yes,yes,no,yes,yes,no,yes,no,no,yes,yes,yes,yes,yes,yes,no,yes
yes,no,no,yes,yes,yes,yes,yes,yes,yes,no,yes,yes,yes,yes,yes,yes
no,no,yes,no,yes,yes,no,yes,no,no,no,yes,yes,yes,yes,no,no
no,yes,yes,no,yes,yes,yes,yes,yes,no,no,yes,yes,yes,yes,yes,yes
yes,yes,no,no,no,no,no,no,no,yes,no,yes,no,no,yes,yes,no
no,yes,yes,yes,no,no,no,no,yes,yes,no,yes,yes,no,no,no,no
yes,no,no,yes,yes,yes,yes,no,yes,no,no,no,no,yes,no,yes,yes
no,no,yes,no,no,no,no,yes,no,no,no,yes,no,yes,yes,no,no
no,yes,yes,no,yes,no,yes,yes,no,yes,yes,no,no,no,no,yes,yes
yes,yes,yes,no,yes,yes,no,yes,no,yes,no,no,yes,yes,no,no,yes
no,no,yes,no,no,no,no,yes,yes,no,no,yes,no,yes,yes,no,no
no,no,yes,yes,no,no,no,no,no,no,yes,no,yes,no,no,yes,no
no,no,yes,yes,yes,yes,yes,no,no,yes,yes,yes,yes,yes,no,yes,yes
no,yes,no,yes,yes,yes,no,no,yes,yes,no,no,yes,yes,no,no,yes
no,yes,no,no,yes,yes,yes,yes,no,no,yes,no,yes,yes,yes,no,no
yes,no,yes,no,no,no,no,no,yes,no,yes,yes,yes,no,yes,yes,no
no,no,yes,no,no,yes,no,yes,no,yes,no,yes,no,yes,no,no,no
no,no,yes,no,yes,yes,yes,no,no,yes,yes,yes,yes,yes,no,no,no
no,yes,yes,no,yes,no,no,yes,yes,yes,yes,yes,no,yes,no,no,yes
no,yes,yes,no,yes,yes,yes,no,yes,no,no,no,no,yes,no,no,yes
no,no,no,yes,yes,no,no,no,yes,yes,no,no,no,yes,yes,no,no
no,yes,no,no,yes,no,yes,no,yes,yes,yes,no,no,no,no,yes,no
no,yes,no,no,yes,yes,yes,no,no,yes,no,yes,yes,no,no,yes,no
yes,yes,no,yes,no,no,no,yes,no,no,no,no,no,no,no,no,no
yes,no,no,no,yes,no,no,no,yes,yes,no,yes,yes,yes,no,no,no
no,no,yes,yes,yes,yes,yes,no,no,yes,yes,no,no,no,yes,yes,yes
no,no,no,yes,yes,no,yes,no,yes,no,no,yes,no,no,yes,no,no
no,no,no,no,no,no,yes,no,no,yes,no,yes,no,yes,no,yes,no
yes,yes,no,yes,yes,no,yes,no,no,no,no,no,yes,yes,no,no,no
yes,yes,no,yes,no,yes,yes,yes,no,yes,no,no,yes,no,no,yes,yes
no,no,yes,no,yes,no,no,yes,yes,yes,no,yes,no,no,yes,no,no
yes,no,yes,no,no,no,yes,no,no,yes,yes,yes,yes,no,yes,no,no
yes,no,yes,yes,no,yes,yes,yes,yes,no,yes,yes,yes,no,no,no,yes
yes,yes,yes,yes,yes,yes,no,no,yes,no,yes,yes,no,yes,no,no,yes
yes,yes,no,yes,yes,no,yes,no,yes,yes,no,no,yes,no,yes,yes,yes
yes,yes,no,yes,yes,yes,no,yes,yes,no,no,yes,yes,yes,yes,no,yes
yes,no,no,no,yes,no,yes,yes,no,yes,no,yes,no,no,yes,no,no
no,no,no,yes,no,no,yes,yes,yes,no,no,no,yes,yes,yes,yes,no
no,yes,yes,yes,no,no,no,yes,yes,no,no,no,no,no,no,yes,no
yes,no,no,no,yes,yes,yes,yes,no,no,yes,no,yes,no,yes,yes,no
no,yes,no,no,yes,no,yes,yes,no,no,yes,no,yes,yes,yes,no,no
yes,no,yes,yes,no,yes,yes,yes,yes,yes,no,yes,yes,no,no,yes,yes
yes,no,yes,yes,no,no,yes,yes,yes,yes,yes,yes,no,yes,no,yes,yes
no,yes,no,no,no,yes,no,yes,no,no,no,yes,no,yes,yes,yes,no
no,no,no,no,yes,yes,yes,no,yes,yes,no,no,no,no,no,yes,no
yes,yes,yes,yes,no,no,no,yes,no,yes,no,yes,no,no,no,no,yes
no,yes,no,yes,no,yes,no,no,no,yes,no,yes,no,no,yes,no,no
no,no,no,yes,yes,no,no,yes,no,yes,no,no,yes,no,yes,no,no
no,no,yes,no,no,no,yes,yes,no,no,no,no,yes,no,no,no,no
no,yes,no,no,no,yes,yes,yes,yes,no,no,no,no,no,no,no,no
yes,yes,yes,no,yes,yes,no,no,no,no,no,no,yes,no,no,yes,no
yes,no,no,no,yes,yes,no,no,no,yes,yes,yes,yes,no,no,yes,no
yes,no,no,no,no,no,yes,yes,no,yes,no,yes,yes,yes,no,yes,no
yes,yes,no,no,no,yes,yes,no,no,yes,yes,no,no,yes,no,no,no
yes,yes,no,yes,yes,yes,no,no,no,yes,no,no,no,yes,no,yes,yes
no,yes,no,no,yes,yes,no,no,yes,no,yes,no,no,no,no,no,no
no,no,yes,no,no,yes,no,yes,no,yes,no,yes,no,no,no,no,no
yes,no,yes,no,no,yes,yes,yes,yes,yes,no,no,yes,no,no,yes,yes
no,yes,no,no,yes,no,yes,no,yes,yes,yes,no,yes,yes,yes,no,no
no,no,no,no,no,no,no,no,yes,yes,no,yes,no,no,no,yes,no
yes,yes,yes,no,yes,yes,yes,yes,no,yes,yes,yes,no,no,yes,yes,yes
no,yes,no,yes,no,yes,yes,no,yes,no,yes,no,no,no,no,no,no
no,yes,no,yes,no,no,yes,no,no,no,yes,yes,yes,no,no,no,no
yes,yes,yes,no,no,yes,yes,no,yes,yes,yes,yes,yes,yes,no,no,yes
yes,no,yes,yes,yes,no,yes,yes,yes,no,yes,yes,no,yes,no,yes,yes
no,yes,no,no,no,yes,no,no,yes,yes,no,no,no,yes,no,yes,no
no,no,no,no,no,yes,yes,no,no,yes,yes,no,yes,yes,no,no,no
no,no,yes,no,no,yes,yes,yes,yes,yes,yes,yes,yes,no,no,no,yes
yes,yes,no,no,yes,yes,no,no,yes,yes,no,yes,yes,no,yes,no,yes
yes,yes,yes,yes,yes,no,yes,no,yes,no,no,no,no,no,yes,yes,yes
yes,no,no,no,yes,yes,no,yes,no,yes,yes,no,yes,yes,yes,yes,no
yes,yes,yes,no,no,yes,yes,no,yes,no,no,yes,yes,yes,no,yes,yes
yes,no,yes,no,no,no,yes,yes,no,yes,no,no,yes,no,yes,no,no
yes,yes,yes,yes,no,no,no,no,yes,no,yes,yes,yes,no,yes,no,no
yes,no,yes,yes,no,yes,yes,yes,yes,yes,yes,no,no,yes,no,no,yes
no,yes,no,no,yes,no,no,yes,yes,no,no,yes,no,no,no,no,no
no,yes,yes,yes,no,no,no,yes,no,yes,no,yes,yes,yes,yes,yes,no
no,no,yes,no,yes,no,no,no,no,yes,no,no,no,yes,no,yes,no
no,yes,no,yes,no,no,yes,no,yes,yes,yes,yes,no,no,yes,yes,no
yes,no,no,yes,no,yes,no,no,no,no,no,no,no,yes,yes,yes,no
no,no,no,no,yes,no,no,no,yes,no,no,no,no,no,no,yes,no
no,no,yes,no,yes,yes,no,yes,yes,yes,no,no,yes,no,yes,no,yes
yes,no,no,yes,yes,yes,yes,no,no,yes,no,no,no,no,no,yes,yes
yes,no,yes,yes,yes,no,no,no,no,no,no,yes,no,no,yes,yes,no
yes,no,no,yes,no,no,yes,no,no,yes,yes,yes,yes,no,no,yes,no
yes,no,yes,yes,yes,no,yes,yes,yes,no,yes,yes,yes,no,no,yes,yes
yes,yes,yes,no,yes,yes,no,no,no,no,yes,yes,yes,no,no,yes,no
yes,yes,no,yes,yes,yes,no,yes,no,no,yes,yes,no,no,no,yes,yes
no,yes,no,no,no,no,yes,yes,yes,yes,no,yes,yes,yes,yes,no,no
no,yes,no,yes,no,yes,no,yes,no,no,no,yes,no,no,no,yes,no
yes,no,yes,yes,yes,yes,no,yes,yes,yes,no,no,no,no,yes,no,yes
yes,no,no,no,yes,yes,yes,no,no,no,yes,no,no,no,no,no,no
no,no,no,no,yes,no,no,yes,no,yes,yes,yes,yes,yes,yes,yes,no
yes,yes,no,no,yes,yes,no,no,yes,no,no,yes,yes,yes,no,no,no
no,yes,yes,yes,yes,no,no,yes,no,yes,no,no,yes,yes,yes,yes,yes
yes,no,no,no,no,no,no,yes,yes,yes,no,no,yes,yes,no,no,no
no,no,yes,no,yes,yes,yes,no,yes,no,yes,no,no,no,yes,no,no
yes,no,no,no,no,no,yes,yes,yes,yes,yes,yes,no,yes,yes,no,no
yes,no,no,no,no,no,yes,no,yes,no,yes,no,no,yes,no,yes,no
yes,yes,yes,no,no,yes,no,no,yes,yes,yes,yes,no,no,no,no,yes
no,no,no,no,yes,yes,no,no,yes,yes,yes,no,yes,yes,yes,yes,no
no,no,yes,yes,yes,no,yes,no,yes,yes,yes,no,yes,yes,yes,no,yes
no,no,no,yes,no,yes,no,no,yes,yes,yes,yes,no,no,no,no,no
no,no,no,yes,yes,yes,yes,yes,no,yes,yes,no,no,no,yes,yes,yes
no,yes,no,no,no,no,yes,yes,no,yes,no,no,no,no,no,no,no
no,no,no,no,no,no,no,no,no,yes,yes,no,no,no,yes,yes,no
no,yes,no,yes,yes,yes,no,no,no,yes,no,no,yes,yes,no,no,no
no,yes,yes,yes,yes,no,no,yes,no,no,no,no,yes,yes,no,yes,no
no,yes,no,no,no,yes,no,yes,yes,yes,yes,no,yes,yes,no,yes,no
yes,no,yes,no,yes,no,no,no,no,yes,yes,no,yes,no,yes,yes,no
no,yes,yes,no,yes,no,yes,yes,no,yes,yes,no,yes,yes,no,yes,yes
no,yes,no,yes,no,no,no,yes,no,yes,yes,yes,no,yes,no,no,no
yes,yes,yes,yes,yes,yes,yes,yes,yes,yes,yes,yes,yes,no,yes,yes,yes
no,no,no,no,yes,yes,yes,yes,yes,no,no,no,yes,yes,no,yes,no
yes,yes,yes,no,yes,no,yes,no,yes,yes,yes,no,no,no,no,no,yes
yes,no,no,no,no,no,no,no,yes,yes,yes,no,no,yes,no,yes,no
no,yes,no,no,yes,no,no,yes,yes,yes,no,yes,no,no,yes,yes,no
yes,no,no,yes,no,yes,no,yes,no,yes,yes,no,yes,no,no,no,no
yes,yes,no,no,no,no,no,yes,no,no,yes,no,no,no,yes,no,no
no,no,no,no,yes,yes,no,no,yes,no,yes,yes,yes,yes,yes,yes,no
no,no,yes,yes,no,no,yes,no,no,yes,no,no,yes,yes,no,no,no
no,yes,yes,yes,no,no,no,no,yes,no,no,no,yes,no,yes,no,no
no,no,yes,yes,yes,no,yes,yes,no,no,no,yes,yes,no,no,yes,no
yes,no,no,yes,no,yes,yes,yes,no,no,yes,yes,no,no,yes,no,no
no,yes,yes,yes,yes,yes,yes,yes,no,yes,no,yes,yes,yes,yes,no,yes
no,no,yes,no,yes,yes,yes,yes,no,yes,yes,yes,no,yes,yes,yes,yes
yes,no,no,yes,yes,no,yes,no,yes,yes,no,yes,yes,yes,no,yes,yes
yes,yes,no,no,no,no,no,no,no,yes,yes,no,yes,no,yes,yes,no
no,no,yes,no,yes,yes,no,yes,no,no,yes,yes,no,no,yes,yes,no
no,no,no,yes,no,no,no,yes,yes,yes,yes,no,no,no,yes,no,no
no,no,no,no,no,yes,no,no,yes,no,yes,no,no,no,yes,yes,no
yes,yes,no,yes,no,no,yes,no,no,yes,yes,yes,yes,yes,no,no,no
yes,no,yes,yes,yes,yes,yes,no,yes,yes,no,no,no,no,yes,yes,yes
yes,no,no,no,yes,yes,yes,yes,yes,no,yes,no,yes,no,no,yes,yes
no,yes,no,no,yes,no,yes,no,no,yes,no,yes,no,no,no,yes,no
yes,yes,no,yes,yes,yes,no,no,yes,yes,yes,no,yes,yes,no,yes,yes
no,no,yes,yes,no,yes,yes,no,no,yes,yes,yes,no,yes,no,yes,no
yes,yes,no,yes,yes,yes,no,no,yes,no,no,no,no,yes,no,no,yes
no,yes,no,no,no,no,yes,yes,yes,yes,no,yes,no,yes,no,no,no
no,yes,no,no,yes,no,no,yes,no,yes,yes,no,yes,yes,no,no,no
yes,yes,yes,no,yes,no,yes,no,yes,no,yes,yes,yes,yes,no,no,yes
yes,yes,yes,yes,yes,yes,yes,no,yes,yes,no,no,yes,no,no,yes,yes
yes,yes,no,yes,no,yes,yes,yes,no,no,yes,no,no,yes,yes,yes,yes
no,yes,yes,yes,no,yes,yes,yes,no,no,no,yes,yes,no,no,no,yes
no,no,no,yes,yes,yes,yes,yes,no,no,yes,yes,no,no,no,yes,no
yes,yes,no,no,no,yes,yes,no,yes,no,yes,no,no,yes,yes,no,no
no,no,yes,no,no,yes,no,yes,no,yes,no,yes,no,yes,no,no,no
no,no,yes,no,yes,no,no,no,yes,no,yes,no,yes,yes,no,no,no
yes,yes,yes,yes,no,yes,no,no,no,yes,no,yes,no,no,no,yes,yes
yes,yes,no,no,yes,yes,no,yes,no,no,no,no,yes,yes,yes,no,no
yes,no,no,no,yes,yes,yes,no,no,yes,no,yes,no,yes,yes,no,no
no,no,no,yes,no,no,no,no,yes,yes,yes,yes,no,yes,yes,yes,no
yes,yes,no,yes,yes,no,no,no,no,yes,no,yes,no,yes,no,yes,no
no,yes,no,no,no,yes,no,no,no,no,no,no,yes,no,no,no,no
yes,yes,yes,yes,no,no,no,yes,yes,no,yes,yes,yes,no,no,no,yes
yes,no,no,yes,yes,yes,yes,no,yes,no,no,no,no,no,no,yes,yes
no,no,no,no,yes,no,no,no,yes,no,no,yes,no,yes,no,yes,no
no,yes,no,no,yes,yes,yes,no,no,no,yes,yes,no,no,no,no,no
yes,no,no,yes,no,no,yes,no,yes,yes,yes,no,yes,no,no,yes,no
no,no,yes,no,no,no,no,no,yes,no,no,no,yes,yes,yes,yes,no
no,no,yes,yes,yes,yes,yes,yes,yes,no,no,no,no,no,no,yes,yes
no,no,yes,yes,no,yes,yes,no,yes,no,yes,yes,no,yes,yes,yes,no
yes,yes,no,no,yes,yes,yes,yes,no,no,yes,no,yes,yes,yes,yes,yes
no,yes,yes,no,yes,no,yes,yes,no,no,no,yes,yes,no,yes,no,no
no,no,no,no,yes,no,yes,yes,no,no,yes,no,yes,no,yes,yes,no
yes,yes,no,yes,no,no,yes,yes,yes,yes,yes,no,no,yes,no,no,yes
no,no,no,yes,no,no,no,yes,yes,no,yes,no,yes,no,yes,yes,no
yes,no,no,yes,no,yes,no,no,no,yes,yes,yes,yes,yes,yes,no,no
yes,yes,no,yes,yes,no,no,yes,no,yes,no,no,yes,no,yes,yes,yes
no,yes,yes,no,yes,yes,yes,yes,yes,yes,yes,yes,no,no,no,yes,yes
yes,no,no,no,yes,no,yes,no,no,yes,yes,no,no,no,yes,yes,no
no,yes,no,no,no,no,yes,yes,yes,yes,no,no,no,yes,no,yes,no
no,no,no,no,no,no,no,no,yes,yes,yes,no,no,yes,yes,no,no
yes,no,yes,yes,no,yes,no,yes,yes,yes,yes,no,no,no,no,yes,yes
yes,no,no,no,yes,no,yes,yes,yes,yes,yes,no,no,yes,yes,yes,yes
yes,no,yes,no,yes,no,no,no,no,no,no,no,yes,no,yes,yes,no
no,yes,no,yes,no,no,no,yes,no,yes,no,yes,no,yes,yes,yes,no
no,yes,no,yes,no,no,no,no,yes,no,yes,yes,yes,no,no,yes,no
yes,yes,no,yes,no,yes,yes,no,yes,no,no,yes,no,no,yes,no,yes
no,yes,yes,no,no,yes,no,yes,yes,yes,yes,yes,yes,no,no,no,yes
yes,yes,yes,no,yes,no,no,yes,yes,no,yes,no,no,no,yes,no,yes
no,no,no,no,yes,yes,yes,no,yes,no,no,no,yes,no,no,no,no
yes,no,no,no,no,yes,yes,yes,no,yes,no,no,yes,no,no,yes,no
no,yes,no,no,no,yes,no,yes,no,no,yes,no,no,no,no,yes,no
no,no,no,no,no,yes,yes,yes,yes,no,yes,yes,yes,yes,yes,yes,no
yes,no,yes,yes,no,yes,yes,yes,yes,no,yes,yes,yes,yes,no,yes,yes
no,no,no,yes,yes,yes,no,yes,no,no,yes,yes,no,yes,no,yes,no
yes,no,no,yes,no,yes,yes,no,no,yes,yes,no,no,yes,no,yes,no
yes,yes,no,yes,yes,yes,yes,yes,no,yes,no,no,yes,yes,yes,no,yes
no,no,no,yes,no,yes,no,yes,no,yes,yes,no,no,yes,yes,no,no
yes,yes,no,yes,no,no,no,yes,yes,no,no,no,no,yes,no,no,no
yes,yes,yes,no,no,yes,no,no,no,no,yes,no,yes,no,no,no,no
yes,no,yes,yes,no,no,yes,yes,no,yes,no,no,yes,no,yes,no,yes
no,yes,no,no,no,yes,no,no,yes,yes,yes,yes,no,no,yes,yes,no
no,no,no,yes,yes,no,no,yes,yes,yes,no,yes,no,no,yes,yes,no
no,yes,no,no,no,yes,yes,no,no,yes,yes,yes,no,no,yes,yes,no
yes,yes,yes,yes,yes,yes,no,yes,no,yes,no,yes,no,yes,no,yes,yes
no,no,no,yes,yes,yes,no,yes,yes,no,no,yes,no,no,no,yes,no
no,yes,no,no,yes,no,yes,no,yes,no,yes,yes,yes,no,no,yes,no
no,no,no,no,no,yes,yes,no,no,no,no,yes,yes,yes,no,yes,no
yes,no,no,yes,no,yes,yes,yes,yes,no,yes,yes,yes,yes,yes,no,yes
no,no,yes,no,no,yes,yes,yes,no,yes,yes,yes,no,no,yes,no,no
yes,no,no,no,no,no,yes,no,yes,no,no,no,no,yes,yes,no,no
yes,yes,no,no,yes,no,no,no,yes,yes,no,yes,no,yes,yes,yes,no
no,no,yes,no,yes,no,no,no,yes,no,yes,yes,yes,no,no,no,no
yes,yes,no,no,no,yes,yes,no,no,yes,yes,no,no,no,yes,yes,no
yes,yes,no,yes,yes,no,no,no,no,no,no,yes,yes,no,yes,no,no
yes,yes,no,no,no,yes,yes,yes,no,yes,no,no,no,no,no,yes,yes
yes,yes,yes,no,yes,yes,yes,yes,no,no,no,yes,yes,yes,yes,yes,yes
no,no,yes,yes,no,no,no,no,yes,no,yes,no,yes,no,no,yes,no
no,yes,no,yes,yes,no,yes,yes,no,no,no,no,yes,yes,yes,yes,no
yes,no,no,no,yes,yes,no,no,no,no,yes,yes,yes,no,yes,yes,no
no,yes,no,no,yes,yes,no,yes,no,yes,no,no,no,yes,no,no,no
no,yes,yes,yes,yes,no,no,no,yes,yes,no,no,no,yes,yes,no,yes
yes,no,no,no,no,no,yes,yes,no,no,no,yes,no,yes,yes,yes,no
no,yes,yes,no,no,yes,yes,no,yes,yes,no,yes,no,yes,yes,yes,yes
yes,yes,no,yes,yes,no,no,yes,yes,no,yes,no,yes,no,yes,yes,yes
yes,no,yes,no,no,yes,yes,yes,yes,yes,yes,yes,no,no,no,yes,yes
no,yes,yes,no,no,no,no,no,yes,no,no,no,yes,no,no,yes,no
yes,yes,no,no,no,yes,no,no,no,no,no,yes,yes,yes,yes,no,no
no,yes,no,no,yes,no,yes,no,no,yes,yes,no,yes,no,yes,no,no
yes,no,yes,yes,no,yes,no,no,no,yes,yes,yes,yes,no,no,no,no
no,yes,no,no,no,no,no,yes,no,yes,no,yes,yes,no,yes,yes,no
no,no,yes,no,no,no,yes,yes,yes,yes,yes,yes,no,no,no,no,no
no,no,no,yes,no,no,yes,no,yes,no,yes,no,yes,no,yes,no,no
yes,no,no,yes,yes,no,no,yes,no,no,yes,no,yes,no,no,no,no
yes,no,no,yes,no,no,yes,no,yes,yes,no,no,no,no,yes,yes,no
no,no,no,no,no,no,no,no,no,yes,no,yes,yes,yes,yes,yes,no
no,yes,yes,yes,no,no,no,yes,yes,no,yes,no,no,yes,no,no,no
no,no,no,no,yes,yes,no,no,yes,no,yes,no,no,no,yes,yes,no
no,yes,no,yes,no,yes,no,yes,yes,no,yes,no,yes,no,yes,yes,no
yes,yes,yes,yes,no,yes,yes,no,no,yes,no,yes,yes,no,yes,yes,yes
no,yes,yes,no,yes,no,no,yes,no,no,no,yes,no,no,no,no,no
yes,no,yes,no,yes,yes,no,yes,no,no,yes,no,yes,yes,yes,no,no
no,yes,yes,no,no,no,yes,yes,no,yes,yes,yes,no,yes,yes,no,no
no,yes,no,yes,no,yes,no,no,no,no,no,no,yes,yes,yes,no,no
no,yes,no,yes,yes,yes,no,yes,no,yes,yes,yes,no,yes,no,yes,yes
yes,yes,no,no,no,yes,yes,no,no,no,yes,yes,no,no,no,yes,no
no,yes,yes,yes,no,no,no,yes,yes,no,yes,yes,yes,yes,yes,no,no
no,no,yes,yes,no,no,yes,no,no,yes,yes,yes,no,yes,no,no,no
yes,no,no,no,yes,no,yes,yes,no,yes,yes,yes,yes,no,no,no,no
yes,no,no,yes,yes,yes,no,no,yes,no,yes,no,yes,no,yes,no,no
yes,yes,no,no,yes,no,no,no,yes,no,no,yes,no,yes,yes,no,no
no,no,no,no,yes,no,yes,no,yes,yes,no,no,no,no,yes,no,no
yes,no,no,yes,no,yes,no,no,no,yes,yes,no,yes,yes,no,no,no
yes,no,yes,no,yes,no,yes,no,yes,no,no,yes,yes,yes,yes,yes,no
yes,no,no,yes,no,yes,yes,yes,no,no,no,yes,yes,yes,no,yes,no
no,yes,yes,no,yes,no,yes,no,no,no,yes,no,yes,yes,yes,yes,no
no,no,no,yes,yes,yes,no,yes,no,yes,no,no,yes,yes,no,yes,no
no,yes,no,yes,yes,no,yes,yes,no,no,yes,no,yes,yes,yes,yes,no
no,no,yes,no,yes,no,yes,yes,no,yes,yes,yes,no,no,no,yes,no
no,no,no,no,yes,yes,no,yes,yes,no,yes,no,no,no,no,no,no
no,yes,no,no,no,yes,no,no,yes,yes,yes,no,no,no,yes,yes,no
yes,yes,yes,no,yes,no,yes,yes,no,no,yes,no,yes,yes,yes,no,yes
yes,yes,no,no,no,yes,yes,no,yes,yes,yes,yes,no,yes,yes,no,yes
yes,no,yes,no,no,yes,no,no,no,yes,no,yes,yes,no,no,no,no
no,no,yes,yes,no,yes,yes,no,yes,no,no,yes,yes,yes,yes,yes,no
yes,no,no,yes,no,yes,no,yes,yes,yes,no,no,yes,no,yes,no,yes
no,yes,yes,no,no,no,no,yes,yes,no,no,yes,no,no,yes,no,no
yes,no,yes,yes,yes,yes,no,no,no,no,yes,no,yes,yes,no,no,no
yes,no,yes,no,yes,yes,yes,no,no,yes,no,no,yes,no,yes,yes,yes
no,yes,no,yes,yes,yes,no,no,yes,yes,yes,yes,no,no,no,no,yes
no,yes,yes,yes,no,yes,no,yes,no,no,yes,no,no,yes,no,no,no
yes,yes,yes,no,yes,no,yes,yes,no,yes,yes,yes,yes,yes,no,yes,yes
yes,no,yes,no,yes,no,yes,yes,yes,no,no,no,yes,no,no,yes,yes
no,yes,no,yes,yes,no,no,no,yes,yes,yes,yes,yes,yes,no,no,no
no,yes,no,yes,yes,yes,yes,no,yes,yes,yes,yes,no,yes,yes,yes,yes
yes,no,yes,no,no,no,no,no,no,no,no,yes,yes,yes,no,yes,no
yes,no,yes,no,yes,yes,yes,no,no,no,no,no,no,yes,yes,no,no
no,yes,yes,no,yes,no,yes,no,yes,yes,no,yes,no,yes,yes,yes,yes
yes,yes,no,no,no,yes,no,no,yes,yes,yes,no,yes,no,yes,no,no
no,no,yes,no,no,no,no,no,yes,yes,no,no,no,yes,yes,yes,no
yes,no,yes,no,yes,yes,yes,no,yes,yes,no,no,no,yes,yes,yes,yes
no,no,no,no,yes,yes,no,no,no,yes,yes,no,yes,yes,no,yes,no
yes,no,no,yes,no,no,yes,no,no,yes,no,no,no,yes,no,yes,no
yes,yes,yes,no,no,yes,yes,no,no,no,no,no,yes,no,no,yes,no
no,yes,no,yes,no,yes,no,no,yes,no,yes,no,no,no,yes,no,no
yes,yes,yes,no,yes,yes,no,yes,yes,yes,yes,no,no,yes,yes,yes,yes
no,yes,no,yes,no,no,no,yes,yes,yes,yes,no,no,yes,no,yes,no
yes,yes,no,no,yes,no,yes,no,no,no,yes,yes,yes,yes,no,yes,no
yes,yes,no,yes,yes,no,no,no,yes,no,yes,yes,no,yes,yes,no,no
no,no,no,no,yes,no,no,no,no,yes,yes,yes,no,no,yes,yes,no
yes,no,no,yes,no,no,yes,yes,no,no,no,yes,no,yes,yes,no,no
yes,no,yes,yes,no,no,yes,yes,no,yes,no,no,no,yes,yes,no,yes
yes,no,no,yes,no,yes,yes,no,yes,yes,yes,no,no,no,yes,yes,yes
yes,yes,no,no,no,yes,no,yes,yes,yes,no,yes,yes,yes,no,no,yes
no,no,yes,yes,no,yes,yes,yes,yes,yes,yes,no,no,no,no,no,yes
yes,no,yes,no,yes,no,yes,no,no,yes,yes,no,yes,yes,yes,no,no
no,yes,no,no,yes,no,no,yes,no,yes,yes,yes,yes,yes,yes,no,no
no,no,no,yes,no,yes,yes,no,yes,yes,yes,yes,no,yes,no,yes,no
no,no,yes,no,no,no,yes,no,no,no,no,no,no,no,yes,no,no
yes,yes,no,no,no,no,yes,no,yes,yes,yes,no,yes,yes,no,yes,no
yes,no,yes,no,yes,no,no,no,no,no,no,no,yes,yes,no,yes,no
no,yes,yes,yes,yes,yes,yes,yes,no,yes,yes,yes,yes,no,no,yes,yes
no,yes,no,no,yes,yes,no,no,yes,no,yes,no,no,yes,no,yes,no
yes,no,yes,no,yes,yes,no,yes,yes,no,yes,yes,yes,yes,yes,yes,yes
yes,no,no,no,yes,no,no,yes,yes,no,no,yes,yes,yes,no,no,no
no,yes,no,no,yes,no,yes,no,yes,yes,yes,yes,yes,yes,yes,no,no
no,yes,no,yes,yes,no,no,no,yes,yes,yes,yes,no,no,no,yes,no
no,no,no,no,no,yes,yes,yes,yes,yes,no,yes,no,no,no,yes,no
yes,yes,no,no,no,no,yes,yes,no,yes,yes,no,no,yes,no,no,no
yes,no,no,yes,yes,yes,no,no,no,no,no,yes,yes,no,yes,no,no
no,no,yes,no,no,yes,no,yes,yes,no,no,no,yes,yes,yes,yes,no
yes,yes,yes,no,yes,yes,no,no,no,yes,yes,yes,no,no,yes,yes,yes
no,no,yes,no,no,yes,yes,no,no,no,no,no,no,yes,yes,no,no
yes,no,no,no,yes,yes,yes,yes,yes,yes,no,yes,yes,no,no,yes,yes
no,no,no,no,no,no,no,yes,no,no,no,no,no,no,yes,no,no
yes,yes,no,yes,yes,no,no,yes,no,yes,no,yes,no,yes,no,no,yes
yes,yes,yes,yes,yes,no,yes,no,no,no,no,yes,yes,no,yes,no,yes
yes,yes,yes,no,no,yes,yes,no,no,no,yes,no,no,yes,yes,yes,no
yes,no,yes,no,no,yes,yes,yes,yes,no,no,no,no,yes,yes,no,yes
no,no,yes,yes,no,yes,yes,yes,yes,no,no,yes,no,no,yes,no,yes
no,no,yes,yes,yes,no,no,no,yes,yes,yes,no,no,no,no,no,no
no,yes,no,no,yes,yes,yes,yes,no,no,yes,no,no,yes,yes,yes,no
yes,no,no,yes,no,no,yes,no,no,yes,no,yes,yes,no,no,no,no
yes,yes,no,no,yes,no,yes,yes,no,no,no,yes,yes,yes,yes,no,no
no,yes,no,yes,yes,yes,yes,yes,no,yes,yes,no,no,no,no,no,yes
no,no,yes,no,yes,yes,no,yes,yes,yes,yes,yes,yes,yes,no,no,yes
yes,yes,no,yes,no,no,yes,no,yes,yes,yes,no,yes,yes,no,no,yes
yes,no,yes,yes,no,no,yes,no,no,yes,no,no,yes,yes,no,no,no
yes,no,no,no,yes,no,no,no,no,yes,no,yes,no,no,yes,yes,no
no,no,no,no,no,no,yes,yes,no,no,yes,no,yes,yes,no,yes,no
no,no,yes,yes,no,yes,no,no,no,no,no,no,yes,yes,yes,yes,no
yes,no,no,yes,no,yes,no,yes,no,yes,yes,no,yes,no,no,no,no
no,yes,no,yes,yes,yes,no,yes,no,yes,yes,no,no,no,no,no,yes
yes,yes,no,no,no,yes,yes,yes,yes,no,yes,no,yes,yes,no,yes,yes
no,yes,yes,no,yes,no,no,no,yes,no,yes,yes,no,no,yes,yes,no
no,no,yes,no,yes,no,no,no,no,no,no,no,yes,yes,yes,no,no
no,no,yes,no,yes,no,yes,yes,no,yes,no,yes,no,no,no,yes,no
yes,yes,no,yes,no,no,yes,yes,yes,yes,no,no,no,no,no,no,yes
no,no,yes,no,yes,yes,no,yes,no,yes,yes,no,no,no,yes,yes,no
no,no,yes,no,no,yes,yes,yes,no,yes,yes,yes,yes,yes,no,yes,no
yes,no,no,yes,no,no,yes,no,yes,no,yes,yes,no,no,yes,no,no
no,yes,no,no,yes,yes,yes,no,yes,yes,no,yes,no,yes,yes,yes,yes
yes,yes,yes,yes,yes,yes,yes,no,no,no,yes,yes,yes,yes,no,no,yes
no,no,no,yes,no,no,no,no,no,yes,yes,yes,yes,yes,yes,no,no
yes,yes,no,no,no,yes,no,yes,yes,yes,yes,yes,yes,yes,no,yes,yes
no,yes,yes,no,no,no,yes,yes,yes,no,yes,yes,no,yes,no,yes,no
yes,no,no,no,yes,yes,no,yes,yes,no,yes,no,no,yes,no,no,no
no,yes,no,no,no,no,no,no,no,no,yes,no,no,no,no,yes,no
yes,no,yes,no,no,no,no,no,yes,no,yes,no,yes,yes,no,no,no
yes,no,no,no,no,yes,yes,yes,yes,yes,yes,no,no,no,no,yes,yes
yes,yes,no,yes,no,no,no,yes,no,yes,yes,yes,yes,yes,no,yes,no
no,no,yes,yes,no,yes,no,no,yes,no,yes,yes,yes,yes,no,no,no
yes,no,no,yes,yes,no,yes,no,no,no,yes,yes,yes,no,yes,no,no
yes,yes,yes,no,yes,no,no,yes,no,yes,yes,yes,no,yes,yes,yes,yes
no,no,yes,no,yes,yes,yes,no,no,no,yes,no,yes,yes,no,yes,no
no,yes,yes,no,no,yes,yes,yes,no,no,no,no,no,no,no,no,no
yes,no,no,yes,no,yes,no,no,yes,no,no,yes,yes,no,yes,no,no
no,yes,no,no,yes,no,yes,no,yes,yes,yes,no,yes,yes,yes,no,no
no,yes,no,yes,no,no,no,yes,yes,yes,yes,no,yes,no,no,yes,no
no,no,no,yes,yes,no,yes,no,no,no,no,no,yes,no,no,no,no
yes,yes,yes,no,no,no,no,yes,yes,yes,yes,yes,no,yes,no,no,yes
yes,no,yes,no,yes,no,yes,yes,yes,yes,yes,no,no,yes,yes,no,yes
no,yes,yes,no,no,no,yes,no,yes,yes,yes,yes,yes,no,yes,yes,no
yes,no,no,yes,no,yes,yes,no,yes,no,no,yes,no,no,no,yes,no
yes,no,yes,yes,yes,no,no,yes,no,yes,yes,yes,no,yes,no,yes,yes
no,yes,yes,yes,yes,yes,no,no,no,yes,no,no,yes,no,no,yes,yes
yes,yes,yes,yes,no,yes,no,yes,no,yes,yes,no,yes,yes,yes,no,yes
yes,yes,yes,yes,no,yes,no,no,yes,no,no,no,yes,no,yes,no,yes
no,no,no,no,no,no,no,no,yes,yes,no,no,yes,yes,no,yes,no
no,yes,no,no,yes,no,yes,yes,no,yes,no,no,no,no,no,no,no
no,no,yes,yes,no,yes,yes,yes,no,no,yes,no,yes,yes,yes,yes,no
yes,yes,no,yes,yes,no,yes,no,no,no,no,yes,yes,no,no,yes,no
no,yes,no,no,no,no,yes,no,no,no,yes,yes,no,no,yes,yes,no
no,no,no,no,yes,no,yes,yes,no,yes,yes,no,no,yes,yes,no,no
yes,no,no,yes,yes,no,no,yes,no,yes,no,yes,no,no,no,yes,no
yes,no,no,yes,no,yes,yes,no,yes,yes,no,no,no,no,yes,yes,yes
yes,no,no,yes,no,yes,no,yes,no,yes,no,yes,no,no,no,yes,no
no,no,no,no,yes,no,no,no,yes,yes,no,yes,yes,yes,yes,yes,no
no,yes,no,yes,no,yes,no,no,yes,no,no,no,yes,yes,yes,no,no
no,yes,no,no,no,no,yes,yes,no,yes,no,no,yes,no,no,no,no
no,yes,no,no,no,no,yes,no,yes,no,yes,yes,yes,no,no,no,no
yes,no,yes,yes,yes,no,no,no,no,no,yes,yes,yes,no,yes,yes,no
no,yes,yes,yes,yes,no,no,yes,no,no,no,yes,yes,yes,no,no,no
yes,no,no,no,yes,yes,no,no,no,no,yes,no,yes,no,yes,no,no
yes,yes,yes,yes,no,yes,yes,no,no,no,yes,no,yes,yes,no,yes,yes
no,yes,yes,yes,yes,no,yes,yes,no,yes,no,no,yes,no,no,no,yes
no,no,no,no,yes,no,yes,yes,no,no,yes,yes,yes,yes,no,no,no
no,yes,no,no,no,yes,yes,yes,yes,yes,no,no,no,no,no,yes,yes
no,yes,no,yes,no,no,no,yes,yes,yes,yes,yes,yes,yes,no,yes,no
no,no,no,no,yes,yes,yes,no,no,yes,no,no,yes,no,no,yes,no
yes,no,no,yes,yes,yes,no,no,no,yes,yes,yes,no,no,yes,yes,no
no,yes,yes,yes,no,yes,yes,yes,yes,yes,no,yes,no,yes,yes,no,yes
no,yes,yes,yes,yes,no,no,yes,no,no,no,no,yes,yes,yes,yes,no
no,yes,yes,no,no,yes,yes,no,yes,yes,no,no,yes,no,yes,no,yes
no,no,yes,no,yes,yes,no,no,yes,no,no,no,yes,no,no,no,no
yes,no,yes,no,no,no,yes,yes,yes,yes,yes,no,yes,no,yes,yes,yes
yes,no,yes,no,no,yes,no,yes,yes,no,no,yes,yes,yes,yes,no,no
no,yes,no,no,yes,yes,no,no,no,no,yes,no,no,yes,yes,yes,no
yes,yes,yes,no,yes,yes,yes,no,yes,yes,yes,yes,yes,yes,yes,yes,yes
no,yes,yes,no,no,yes,no,no,no,no,no,yes,no,no,no,no,no
yes,yes,no,no,yes,yes,no,yes,yes,yes,yes,yes,yes,no,no,no,yes
yes,no,yes,yes,no,yes,no,yes,no,no,no,no,yes,yes,no,yes,no
no,no,yes,no,yes,yes,yes,yes,no,yes,yes,no,no,yes,no,yes,yes
no,no,no,yes,no,yes,yes,no,no,no,no,yes,no,no,yes,yes,no
no,yes,yes,yes,yes,yes,no,yes,yes,yes,yes,yes,yes,no,yes,no,yes
no,yes,no,yes,yes,yes,yes,yes,yes,no,no,no,no,no,no,yes,yes
yes,yes,no,no,no,no,yes,no,no,no,no,no,yes,no,no,yes,no
yes,no,yes,no,yes,no,no,no,yes,no,yes,yes,yes,no,yes,yes,no
no,no,yes,no,no,yes,yes,yes,no,yes,yes,no,yes,yes,no,no,no
no,yes,yes,no,yes,yes,no,yes,yes,yes,yes,yes,yes,no,no,no,yes
yes,no,no,no,yes,yes,no,no,no,no,no,yes,no,no,no,no,no
no,no,yes,no,no,no,yes,yes,yes,yes,no,no,yes,yes,no,no,no
yes,no,no,no,yes,yes,no,yes,no,no,yes,no,yes,yes,yes,no,no
no,no,yes,yes,no,no,no,no,no,yes,no,no,yes,no,yes,yes,no
yes,yes,yes,yes,yes,no,no,yes,no,yes,yes,no,no,no,no,no,yes
no,no,no,no,yes,yes,yes,no,yes,yes,no,yes,yes,yes,yes,no,no
no,yes,yes,no,no,yes,no,no,yes,yes,yes,yes,yes,yes,no,no,no
yes,yes,no,yes,no,no,yes,yes,yes,no,yes,yes,no,yes,no,no,yes
yes,yes,yes,no,yes,no,yes,no,yes,yes,no,no,no,yes,no,yes,yes
yes,no,yes,yes,yes,yes,no,no,yes,yes,no,yes,no,no,no,no,yes
no,no,yes,yes,no,no,yes,yes,yes,yes,yes,no,yes,yes,no,no,yes
yes,no,no,no,no,no,yes,no,yes,no,yes,no,no,no,yes,yes,no
yes,no,yes,no,yes,yes,no,yes,yes,no,yes,yes,yes,yes,no,yes,yes
yes,yes,yes,yes,yes,yes,yes,no,no,no,no,no,no,no,no,yes,yes
yes,no,yes,no,no,yes,yes,yes,no,no,yes,yes,no,yes,no,no,no
yes,no,no,no,yes,no,no,yes,no,yes,yes,no,no,yes,no,no,no
no,no,yes,yes,yes,no,no,no,no,yes,yes,yes,no,yes,yes,yes,no
no,no,no,yes,yes,no,no,yes,no,yes,yes,no,no,no,no,yes,no
yes,yes,no,no,yes,no,no,yes,yes,yes,no,yes,yes,yes,yes,no,yes
yes,no,no,yes,no,no,no,no,no,yes,no,yes,yes,yes,no,no,no
yes,yes,yes,no,no,yes,no,no,yes,yes,no,no,yes,no,yes,yes,yes
no,yes,yes,yes,yes,yes,no,no,yes,no,no,no,yes,yes,no,yes,yes
yes,no,yes,no,yes,no,yes,yes,yes,no,yes,yes,yes,yes,yes,yes,yes
yes,no,no,no,no,yes,yes,no,yes,yes,no,yes,no,yes,yes,yes,no
yes,no,yes,yes,yes,yes,no,yes,yes,no,no,no,yes,no,yes,no,yes
no,yes,yes,no,no,yes,no,no,no,yes,no,yes,no,no,no,no,no
yes,yes,no,yes,no,no,yes,no,yes,no,no,no,no,no,no,yes,no
yes,yes,no,no,yes,yes,yes,yes,no,yes,no,yes,no,no,yes,yes,yes
no,no,yes,no,yes,yes,yes,yes,no,no,yes,no,yes,yes,no,no,no
no,no,no,yes,no,no,yes,no,yes,no,no,yes,yes,yes,no,no,no
no,yes,yes,no,yes,no,no,yes,yes,yes,no,yes,no,yes,yes,no,yes
yes,no,yes,yes,no,yes,yes,no,no,yes,no,yes,yes,no,yes,yes,yes
no,yes,yes,no,yes,no,no,yes,no,no,yes,no,no,no,yes,yes,no
no,yes,no,no,no,yes,no,no,no,yes,no,no,yes,no,yes,yes,no
no,no,yes,yes,yes,no,yes,no,yes,no,yes,yes,yes,no,no,yes,no
no,no,yes,no,yes,yes,yes,no,no,no,no,yes,yes,no,yes,yes,no
no,yes,yes,yes,no,yes,yes,yes,yes,yes,no,no,yes,yes,no,no,yes
no,yes,yes,yes,yes,yes,yes,no,yes,no,no,no,no,yes,yes,yes,yes
yes,no,no,no,yes,yes,no,yes,no,no,no,no,yes,yes,no,no,no
no,no,no,yes,no,no,yes,yes,no,no,yes,no,yes,no,yes,yes,no
no,yes,yes,yes,yes,yes,yes,yes,yes,no,yes,no,yes,no,yes,yes,yes
yes,no,no,no,no,yes,no,yes,no,no,no,no,yes,no,yes,no,no
no,yes,yes,no,yes,no,yes,no,yes,yes,yes,yes,yes,yes,yes,no,yes
no,yes,no,yes,yes,no,yes,yes,yes,no,no,yes,yes,no,no,yes,yes
no,yes,yes,yes,no,yes,yes,yes,yes,no,yes,no,yes,yes,no,no,yes
no,no,no,no,no,yes,no,no,no,no,yes,yes,no,yes,no,yes,no
yes,no,yes,yes,no,no,yes,yes,yes,yes,no,no,no,no,yes,no,yes
yes,yes,yes,yes,yes,no,yes,yes,no,yes,yes,yes,yes,no,yes,no,yes
no,yes,no,yes,no,yes,no,yes,yes,no,yes,yes,yes,no,no,yes,no
no,yes,yes,yes,yes,no,yes,no,yes,no,yes,no,no,no,no,yes,yes
no,no,no,no,yes,no,no,no,no,yes,no,yes,no,yes,yes,yes,no
yes,yes,yes,no,yes,no,yes,yes,yes,yes,yes,no,no,no,no,no,yes
yes,yes,yes,no,yes,no,yes,no,yes,yes,no,yes,no,yes,no,yes,yes
yes,yes,no,yes,no,yes,yes,yes,yes,no,yes,no,no,yes,no,no,yes
yes,yes,yes,no,no,no,no,yes,yes,no,yes,no,yes,no,yes,no,no
no,no,no,no,no,yes,yes,no,yes,no,no,yes,yes,no,no,yes,no
yes,no,no,no,no,yes,no,yes,no,no,yes,no,no,yes,no,no,no
no,yes,no,yes,yes,no,no,no,no,yes,no,no,yes,yes,yes,no,no
yes,no,no,yes,no,no,no,yes,yes,yes,no,yes,no,no,yes,no,no
no,yes,no,yes,yes,no,no,no,yes,yes,no,yes,yes,no,no,yes,no
yes,yes,no,no,no,yes,yes,no,no,yes,yes,no,yes,yes,yes,no,no
yes,yes,no,yes,no,no,yes,yes,yes,yes,no,no,no,yes,yes,yes,yes
yes,yes,yes,yes,no,no,yes,no,no,no,no,yes,no,no,no,no,no
yes,yes,no,yes,no,yes,no,yes,yes,no,yes,no,no,no,yes,no,yes
no,no,yes,yes,yes,yes,yes,yes,yes,no,yes,no,yes,yes,no,no,yes
yes,no,yes,no,no,yes,yes,yes,yes,yes,yes,yes,no,yes,no,no,yes
yes,yes,no,no,yes,no,yes,yes,yes,yes,no,no,yes,yes,no,yes,yes
no,yes,no,yes,no,yes,no,no,no,yes,yes,no,no,yes,no,yes,no
yes,no,no,no,yes,no,yes,no,no,no,no,no,no,no,no,no,no
yes,no,yes,no,yes,yes,no,yes,yes,no,yes,no,no,no,yes,no,yes
no,yes,no,no,yes,yes,no,no,yes,no,no,yes,yes,no,yes,no,no
no,yes,yes,yes,no,yes,yes,yes,no,no,no,no,yes,no,no,no,yes
no,no,yes,yes,no,yes,no,yes,no,no,no,yes,no,yes,no,no,no
yes,no,no,yes,no,no,no,no,no,yes,no,no,yes,yes,yes,yes,no
no,yes,no,yes,no,yes,yes,yes,no,no,no,no,yes,yes,yes,yes,no
yes,yes,yes,yes,yes,no,yes,yes,yes,yes,no,yes,no,no,no,yes,yes
no,yes,yes,no,yes,no,yes,no,no,no,no,no,no,no,no,yes,no
yes,no,no,yes,yes,yes,no,no,yes,no,yes,yes,no,no,no,yes,no
no,no,no,no,yes,yes,yes,no,yes,yes,yes,yes,yes,yes,no,yes,no
yes,no,yes,no,yes,yes,yes,no,no,no,yes,yes,yes,no,yes,no,no
no,yes,yes,no,yes,yes,no,yes,no,no,no,no,yes,yes,no,yes,no
yes,yes,yes,yes,no,yes,no,yes,no,yes,yes,no,no,no,no,yes,yes
yes,no,yes,yes,no,yes,yes,yes,yes,yes,no,no,no,yes,no,no,yes
no,no,yes,no,no,yes,yes,yes,no,yes,no,no,no,yes,yes,no,no
no,yes,yes,no,yes,yes,yes,yes,no,yes,yes,yes,yes,yes,yes,yes,yes
no,no,yes,no,no,no,no,no,yes,no,no,yes,yes,yes,yes,yes,no
yes,yes,no,yes,no,yes,no,yes,no,yes,yes,yes,no,yes,yes,yes,yes
no,yes,no,no,no,no,no,no,no,yes,yes,yes,no,no,no,no,no
yes,yes,no,yes,no,no,no,no,yes,yes,no,no,no,yes,no,yes,no
yes,no,yes,yes,yes,yes,no,yes,no,no,yes,no,no,no,no,no,yes
yes,no,yes,yes,yes,no,yes,yes,yes,no,yes,no,no,yes,yes,yes,yes
no,yes,no,no,yes,yes,no,yes,no,yes,yes,yes,yes,no,yes,yes,no
no,no,no,no,yes,yes,yes,no,no,yes,yes,yes,yes,yes,yes,yes,no
no,yes,no,yes,yes,no,no,no,no,no,yes,no,yes,yes,yes,yes,no
yes,yes,yes,yes,yes,yes,no,no,no,no,yes,yes,no,no,no,no,yes
yes,yes,no,no,no,yes,yes,yes,no,no,no,yes,no,yes,no,yes,no
no,yes,no,yes,yes,no,yes,no,no,no,yes,yes,yes,yes,yes,yes,no
no,no,no,yes,no,no,yes,yes,no,yes,yes,yes,no,yes,yes,yes,no
yes,yes,yes,yes,yes,yes,yes,yes,yes,yes,no,yes,no,yes,yes,no,yes
yes,yes,yes,yes,yes,no,yes,no,no,no,no,yes,no,yes,no,no,yes
yes,yes,no,yes,no,no,no,no,no,no,no,yes,no,yes,yes,no,no
yes,no,no,no,yes,yes,no,yes,yes,yes,yes,yes,no,no,no,no,yes
no,yes,yes,no,yes,yes,yes,yes,yes,yes,no,no,no,yes,yes,yes,yes
yes,yes,no,no,yes,no,yes,no,no,yes,no,no,yes,no,yes,yes,no
yes,no,no,yes,yes,no,no,no,yes,no,yes,no,yes,no,yes,yes,no
no,yes,no,yes,no,yes,yes,yes,yes,yes,no,yes,no,yes,yes,yes,yes
no,no,no,no,yes,no,yes,no,yes,yes,yes,yes,yes,yes,no,yes,no
no,yes,yes,yes,yes,yes,yes,no,yes,no,yes,yes,yes,no,no,no,yes
no,yes,no,no,yes,no,yes,yes,yes,yes,yes,no,no,no,no,yes,yes
no,yes,no,no,yes,yes,no,no,no,yes,no,yes,no,no,yes,yes,no
yes,yes,yes,no,yes,yes,yes,yes,no,no,no,yes,no,yes,no,yes,yes
no,no,yes,no,no,yes,yes,yes,no,no,yes,yes,no,yes,no,no,no
no,yes,yes,no,yes,no,yes,yes,no,yes,no,no,yes,no,yes,no,yes
no,yes,no,no,no,no,yes,no,yes,no,no,yes,no,yes,no,no,no
no,yes,no,yes,yes,no,no,yes,yes,no,no,no,yes,no,yes,no,no
no,no,yes,no,no,yes,yes,no,no,no,yes,yes,yes,yes,no,yes,no
yes,no,no,yes,no,no,yes,yes,no,yes,no,no,no,yes,yes,no,no
no,yes,yes,no,no,no,no,yes,no,no,yes,yes,yes,no,no,no,no
yes,yes,no,no,no,yes,yes,yes,yes,no,no,yes,no,yes,yes,yes,yes
yes,yes,yes,no,no,no,no,no,yes,no,no,no,no,yes,yes,no,no
no,yes,no,no,no,no,yes,yes,yes,yes,yes,no,yes,yes,yes,yes,no
yes,yes,yes,yes,no,no,no,yes,no,no,yes,yes,no,no,no,yes,no
yes,yes,yes,yes,yes,no,yes,yes,yes,yes,yes,no,no,yes,no,no,yes
no,no,yes,no,yes,no,yes,yes,no,no,yes,yes,no,yes,yes,yes,no
no,yes,yes,no,yes,yes,yes,yes,yes,yes,yes,no,no,yes,yes,yes,yes
no,yes,no,no,yes,yes,yes,yes,yes,yes,yes,yes,yes,no,yes,no,yes
yes,yes,yes,no,no,yes,no,yes,yes,yes,yes,yes,yes,no,yes,yes,yes
no,yes,no,no,yes,yes,yes,no,yes,yes,no,yes,yes,yes,yes,no,yes
no,no,no,yes,yes,no,no,no,yes,yes,yes,no,yes,no,no,no,no
yes,yes,no,yes,no,yes,no,no,yes,yes,yes,yes,no,no,no,yes,yes
yes,no,no,yes,yes,yes,no,no,yes,no,yes,yes,no,yes,no,yes,no
no,no,no,no,no,yes,yes,yes,yes,no,no,no,no,no,yes,yes,no
no,no,no,yes,yes,no,yes,yes,no,yes,yes,no,yes,yes,no,no,no
no,no,yes,no,no,yes,no,yes,no,no,no,yes,no,yes,yes,yes,no
no,no,no,yes,yes,yes,no,yes,no,no,yes,yes,yes,no,no,no,no
no,yes,no,yes,yes,no,yes,no,no,yes,no,yes,yes,yes,no,no,no
no,yes,yes,yes,yes,yes,no,no,yes,no,no,yes,yes,yes,no,yes,yes
yes,no,yes,no,no,no,yes,yes,yes,no,yes,no,yes,no,yes,yes,no
yes,no,no,no,no,yes,no,yes,yes,yes,no,yes,yes,no,yes,no,no
yes,yes,yes,no,no,no,no,no,no,no,no,no,yes,no,yes,no,no
yes,no,no,no,no,no,yes,yes,no,yes,yes,no,no,no,no,yes,no
no,no,yes,no,yes,no,no,yes,yes,no,no,yes,no,no,yes,no,no
no,yes,yes,no,no,yes,no,no,no,yes,no,yes,no,yes,no,yes,no
yes,no,no,yes,no,no,yes,yes,no,no,no,no,yes,no,no,yes,no
yes,yes,yes,no,no,no,no,no,no,no,yes,no,yes,no,yes,yes,no
yes,yes,no,yes,yes,yes,no,no,no,yes,yes,yes,no,no,no,no,yes
yes,yes,no,yes,yes,yes,no,yes,yes,yes,no,no,no,yes,no,no,yes
yes,yes,yes,no,yes,no,yes,yes,yes,no,no,yes,no,no,no,yes,yes
yes,no,yes,yes,no,yes,no,no,no,yes,no,no,yes,yes,no,no,no
yes,no,no,no,yes,no,yes,no,yes,no,no,no,yes,no,no,no,no
yes,no,no,yes,yes,yes,yes,yes,yes,yes,no,no,yes,no,yes,no,yes
yes,yes,yes,yes,no,yes,no,yes,no,no,yes,no,yes,yes,yes,no,yes
no,yes,yes,no,yes,yes,no,yes,yes,no,yes,yes,yes,no,no,no,yes
no,yes,yes,no,yes,no,no,no,no,yes,no,no,no,yes,yes,yes,no
yes,no,yes,no,no,no,no,yes,no,yes,yes,no,no,yes,no,no,no
yes,no,yes,no,no,no,no,no,yes,no,yes,yes,no,yes,yes,no,no
yes,no,yes,no,yes,no,no,no,yes,yes,yes,yes,no,yes,no,yes,no
no,yes,yes,no,no,yes,no,no,no,yes,no,yes,yes,no,no,yes,no
no,no,yes,yes,yes,no,no,no,yes,no,yes,yes,yes,no,no,yes,no
no,no,yes,no,no,no,yes,yes,no,yes,no,no,yes,no,yes,yes,no
no,yes,yes,yes,no,no,no,no,no,no,yes,no,no,no,no,yes,no
yes,no,no,yes,yes,yes,no,no,no,no,yes,yes,yes,yes,no,yes,no
yes,yes,yes,no,no,yes,yes,yes,no,yes,no,yes,yes,no,no,no,yes
yes,no,yes,yes,no,yes,no,yes,no,no,no,no,yes,no,no,no,no
yes,no,no,no,no,no,yes,no,yes,no,yes,yes,yes,yes,yes,no,no
no,no,yes,yes,no,yes,yes,no,no,no,yes,no,yes,yes,yes,yes,no
no,no,no,no,no,yes,no,yes,no,no,no,yes,no,no,no,yes,no
yes,yes,yes,yes,no,no,no,no,yes,yes,no,yes,yes,no,yes,no,yes
no,no,no,no,yes,no,no,yes,yes,yes,yes,no,yes,yes,yes,no,no
no,yes,yes,yes,no,no,no,yes,yes,yes,no,no,yes,no,no,no,yes
no,yes,yes,yes,no,yes,yes,no,yes,no,no,no,yes,no,no,yes,yes
no,yes,no,no,yes,no,yes,yes,yes,no,yes,yes,no,no,yes,yes,no
no,yes,no,yes,no,no,yes,yes,yes,yes,yes,yes,no,yes,yes,no,yes
yes,yes,no,no,no,yes,no,yes,yes,no,no,no,no,yes,yes,yes,no
yes,yes,yes,yes,yes,no,no,yes,yes,yes,yes,no,yes,yes,no,no,yes
no,no,yes,yes,yes,yes,yes,yes,no,no,yes,yes,yes,yes,no,yes,yes
no,yes,no,no,yes,no,yes,no,yes,yes,yes,no,no,no,yes,yes,no
yes,yes,no,no,no,yes,yes,yes,no,no,yes,yes,no,yes,yes,yes,no
no,yes,no,yes,no,yes,no,yes,yes,no,yes,yes,no,no,no,yes,no
yes,no,no,yes,yes,yes,no,no,yes,yes,yes,yes,yes,yes,yes,yes,yes
no,no,no,yes,yes,no,yes,yes,no,no,yes,no,no,yes,no,no,no
no,no,no,no,no,no,yes,yes,no,yes,yes,no,yes,yes,yes,yes,no
no,yes,yes,yes,no,no,no,no,yes,yes,no,yes,no,no,yes,yes,no
no,no,no,no,yes,yes,no,no,no,no,no,no,no,no,no,yes,no
no,no,no,no,no,yes,yes,yes,no,yes,yes,no,yes,yes,yes,yes,no
no,yes,yes,yes,yes,yes,no,yes,yes,no,yes,no,yes,no,yes,yes,yes
no,no,no,yes,yes,no,no,yes,yes,no,yes,no,no,yes,no,yes,no
no,yes,no,yes,yes,no,no,yes,yes,yes,yes,no,no,yes,no,no,yes
no,no,yes,yes,yes,yes,no,yes,yes,yes,yes,no,yes,yes,yes,no,yes
yes,no,no,yes,no,no,no,yes,no,yes,yes,no,no,no,no,no,no
yes,yes,yes,no,yes,no,yes,no,no,no,no,no,yes,no,yes,yes,no
no,no,yes,yes,yes,no,no,yes,yes,yes,no,no,no,no,no,yes,yes
yes,yes,no,no,yes,yes,no,no,no,yes,no,no,no,no,no,no,no
no,yes,no,no,yes,no,yes,no,yes,yes,no,no,yes,no,no,yes,no
yes,yes,yes,no,no,no,yes,no,yes,yes,no,yes,yes,no,no,no,yes
yes,no,yes,yes,no,no,yes,no,yes,yes,yes,no,no,yes,yes,yes,yes
no,yes,yes,no,no,no,yes,no,yes,yes,no,yes,yes,yes,yes,yes,no
no,yes,yes,yes,yes,yes,no,yes,no,no,yes,no,yes,no,no,no,yes
no,yes,no,yes,yes,yes,no,yes,no,yes,no,yes,no,yes,yes,no,yes
no,no,yes,yes,yes,yes,no,no,no,no,yes,no,no,no,yes,no,no
no,no,no,no,yes,yes,yes,yes,yes,no,yes,no,yes,no,no,yes,no
yes,no,yes,yes,yes,no,no,yes,yes,no,yes,no,yes,yes,yes,no,yes
yes,no,no,yes,yes,yes,yes,no,yes,yes,no,no,no,no,yes,yes,yes
yes,no,yes,no,yes,no,no,no,yes,yes,no,yes,no,no,no,yes,no
yes,yes,yes,yes,yes,no,yes,yes,yes,yes,no,yes,yes,no,no,no,yes
no,yes,yes,no,yes,no,yes,yes,no,no,no,no,yes,no,yes,no,no
no,yes,no,no,yes,yes,no,no,yes,yes,no,no,no,yes,yes,yes,no
no,no,no,yes,no,yes,no,no,no,no,yes,yes,yes,no,yes,no,no
no,yes,yes,no,yes,no,yes,yes,no,no,no,yes,no,no,no,no,no
yes,yes,yes,no,yes,yes,no,yes,no,no,yes,no,yes,yes,yes,yes,yes
yes,no,yes,yes,yes,no,yes,no,no,yes,yes,yes,no,no,no,no,yes
no,yes,yes,yes,yes,no,no,no,no,yes,yes,yes,yes,yes,no,no,no
no,yes,no,no,no,no,no,yes,no,yes,yes,no,no,yes,yes,no,no
yes,yes,no,yes,no,yes,yes,no,no,yes,no,no,yes,yes,yes,no,yes
no,no,yes,no,no,yes,yes,no,no,yes,yes,yes,yes,yes,no,yes,no
yes,yes,no,yes,no,yes,yes,yes,no,no,no,no,no,yes,no,yes,yes
yes,yes,no,no,yes,no,no,yes,yes,yes,yes,yes,no,yes,no,no,yes
yes,no,yes,no,no,yes,no,no,no,no,yes,no,yes,yes,no,yes,no
no,yes,yes,yes,yes,yes,no,yes,yes,no,yes,no,no,no,no,no,yes
no,no,no,no,yes,yes,yes,yes,yes,yes,no,no,yes,no,no,no,yes
no,no,yes,no,yes,yes,no,no,yes,no,yes,no,yes,yes,no,no,no
yes,yes,no,yes,no,yes,no,yes,yes,yes,no,no,yes,no,yes,yes,yes
yes,yes,no,no,yes,no,yes,no,no,no,no,yes,no,no,no,no,no
no,yes,no,yes,yes,yes,no,yes,no,yes,no,yes,yes,yes,no,yes,yes
no,no,no,no,no,yes,no,yes,no,no,yes,yes,no,no,yes,no,no
yes,no,yes,no,yes,yes,no,no,no,yes,no,yes,yes,no,yes,no,no
yes,yes,yes,yes,no,yes,yes,yes,yes,no,yes,no,no,yes,yes,no,yes
yes,no,yes,yes,no,no,no,no,yes,yes,yes,no,no,no,no,no,no
yes,no,no,no,no,yes,no,yes,yes,yes,no,yes,no,yes,yes,yes,no
yes,yes,no,yes,no,yes,yes,yes,no,yes,no,no,yes,no,no,yes,yes
yes,no,no,yes,no,no,no,yes,yes,no,yes,no,yes,yes,no,yes,no
yes,no,no,no,no,no,no,no,no,yes,yes,no,yes,yes,no,yes,no
no,yes,yes,yes,no,yes,yes,yes,no,no,no,no,no,yes,no,yes,yes
no,no,yes,no,yes,yes,yes,yes,no,no,yes,yes,no,no,yes,yes,no
yes,no,yes,no,yes,yes,yes,yes,no,yes,yes,no,no,yes,no,yes,yes
no,no,yes,no,no,no,no,no,yes,no,no,yes,no,no,no,no,no
yes,no,yes,yes,yes,yes,no,no,no,no,no,yes,yes,yes,yes,yes,no
yes,no,no,yes,no,no,yes,yes,no,no,yes,yes,yes,yes,no,no,no
no,yes,no,no,yes,no,no,yes,yes,yes,no,yes,yes,yes,yes,yes,no
yes,no,no,yes,no,no,yes,no,yes,yes,no,yes,no,yes,yes,no,no
yes,no,no,yes,no,yes,yes,no,no,no,no,yes,yes,yes,no,no,no
no,yes,no,no,yes,yes,no,yes,no,yes,no,yes,yes,no,yes,no,no
no,no,yes,yes,yes,no,yes,no,no,no,no,yes,yes,no,yes,no,no
yes,no,no,yes,yes,no,no,no,yes,no,no,yes,yes,yes,no,no,no
yes,yes,yes,yes,no,no,no,yes,yes,yes,no,no,no,yes,no,yes,yes
no,yes,no,yes,no,no,yes,no,yes,no,yes,no,no,yes,yes,yes,no
no,no,no,yes,no,yes,yes,no,yes,yes,no,yes,yes,yes,no,yes,no
no,no,yes,yes,yes,no,yes,no,yes,yes,yes,yes,yes,yes,yes,no,yes
no,no,no,no,no,no,yes,no,yes,yes,yes,no,no,no,no,no,no
no,no,no,no,yes,no,yes,no,yes,yes,yes,no,no,yes,no,yes,no
no,yes,yes,yes,yes,yes,yes,yes,yes,yes,no,yes,yes,no,yes,yes,yes
no,no,no,yes,no,no,no,no,no,yes,no,no,yes,no,no,no,no
yes,no,yes,yes,yes,no,no,yes,yes,no,yes,yes,yes,no,no,no,yes
yes,no,no,yes,yes,yes,yes,no,no,no,yes,yes,no,no,yes,no,no
yes,no,yes,no,yes,yes,no,yes,yes,no,no,no,no,yes,no,no,yes
yes,no,no,yes,no,yes,yes,no,no,yes,yes,no,no,yes,no,no,no
no,no,no,no,yes,no,yes,no,yes,no,yes,yes,no,no,no,yes,no
yes,no,no,no,yes,no,no,no,no,no,no,yes,no,yes,yes,yes,no
no,no,yes,no,yes,no,no,yes,yes,no,no,no,no,no,yes,no,no
no,yes,yes,yes,yes,yes,yes,yes,no,no,no,yes,no,no,yes,no,yes
no,yes,no,yes,yes,no,yes,yes,no,yes,no,yes,no,no,no,yes,yes
yes,yes,no,no,yes,yes,yes,yes,no,no,no,no,yes,no,yes,no,yes
no,no,no,no,no,yes,yes,yes,yes,no,no,yes,no,yes,no,yes,no
no,yes,no,yes,no,yes,yes,yes,no,yes,yes,no,no,yes,no,yes,yes
no,yes,no,yes,yes,no,no,yes,no,yes,yes,no,yes,yes,yes,yes,no
no,yes,yes,no,yes,yes,yes,yes,no,no,no,no,yes,no,yes,no,yes
no,yes,no,yes,no,yes,no,yes,yes,yes,yes,yes,no,yes,no,no,yes
no,no,no,no,yes,yes,no,no,yes,yes,yes,no,yes,yes,no,no,no
no,no,yes,yes,no,yes,no,no,no,no,no,yes,no,yes,no,yes,no
yes,no,no,yes,yes,no,no,yes,no,yes,no,yes,no,yes,yes,no,no
yes,yes,yes,yes,yes,no,no,no,no,no,no,yes,yes,yes,no,yes,no
yes,yes,yes,yes,no,no,yes,yes,yes,no,yes,no,yes,yes,yes,no,yes
no,yes,no,no,yes,no,no,yes,no,yes,no,no,no,no,no,no,no
yes,no,no,no,yes,yes,yes,yes,yes,no,yes,yes,no,no,yes,no,yes
no,no,no,yes,yes,no,no,yes,no,yes,yes,yes,yes,no,no,no,no
no,yes,yes,yes,yes,yes,yes,no,no,yes,no,no,yes,yes,yes,yes,yes
yes,no,no,no,yes,yes,no,no,no,no,yes,yes,yes,no,no,no,no
yes,no,no,no,yes,yes,yes,yes,no,yes,no,no,no,yes,yes,no,yes
no,no,no,yes,yes,yes,no,yes,no,yes,yes,yes,no,yes,yes,no,no
yes,yes,yes,yes,no,yes,yes,no,no,yes,no,yes,yes,yes,no,no,yes
no,yes,yes,no,no,yes,no,no,yes,no,yes,no,no,no,no,no,no
yes,yes,no,no,no,no,no,no,yes,no,yes,yes,yes,yes,no,yes,no
no,no,no,yes,no,yes,no,no,yes,no,yes,yes,yes,no,yes,yes,no
yes,no,no,yes,no,no,yes,no,yes,no,yes,no,no,yes,yes,yes,no
no,yes,yes,no,no,no,yes,yes,yes,yes,yes,no,no,yes,yes,yes,yes
yes,yes,yes,yes,yes,yes,yes,yes,yes,no,yes,no,yes,no,yes,yes,yes
yes,yes,no,yes,no,yes,yes,yes,yes,no,no,no,yes,no,no,yes,yes
yes,yes,no,no,no,yes,yes,yes,no,yes,no,yes,yes,no,no,no,yes
yes,no,no,yes,no,yes,no,yes,no,yes,yes,yes,no,no,yes,yes,no
no,no,no,no,yes,no,yes,yes,no,no,yes,no,no,yes,no,yes,no
no,yes,yes,yes,yes,yes,yes,no,yes,no,yes,yes,no,yes,yes,yes,yes
yes,yes,yes,no,no,no,no,yes,no,no,yes,no,yes,yes,no,no,no
yes,yes,yes,no,no,no,yes,yes,yes,no,yes,yes,no,no,yes,yes,yes
no,no,yes,no,no,no,yes,no,no,yes,yes,yes,yes,yes,yes,no,no
no,yes,yes,no,no,no,no,no,no,yes,yes,yes,yes,yes,yes,no,no
yes,no,no,yes,no,yes,yes,no,yes,yes,no,yes,yes,yes,yes,yes,yes
yes,yes,no,no,yes,no,yes,no,yes,no,no,yes,yes,no,no,yes,no
no,no,no,yes,yes,yes,no,yes,no,yes,no,yes,no,yes,no,yes,no
no,no,yes,no,yes,no,yes,no,no,yes,no,yes,yes,no,yes,yes,no
no,no,yes,yes,no,yes,no,yes,yes,yes,no,yes,no,no,yes,no,yes
no,no,yes,no,yes,yes,no,no,no,no,yes,yes,no,no,no,no,no
no,yes,no,no,yes,yes,no,no,yes,no,no,yes,no,no,yes,no,no
no,yes,yes,yes,yes,no,no,yes,no,no,no,yes,yes,yes,yes,yes,no
yes,no,yes,no,no,yes,yes,no,no,no,no,yes,no,no,yes,no,no
yes,yes,no,yes,no,no,no,yes,yes,yes,yes,no,yes,yes,yes,no,yes
yes,no,no,yes,yes,yes,no,no,yes,no,yes,yes,yes,no,yes,yes,no
no,no,no,no,no,yes,no,yes,yes,no,no,no,yes,no,no,no,no
no,no,yes,yes,yes,yes,yes,no,no,yes,no,yes,no,no,yes,yes,yes
no,yes,yes,yes,yes,yes,no,no,yes,no,no,yes,yes,no,yes,yes,yes
yes,yes,yes,yes,no,no,no,no,no,no,yes,yes,no,no,yes,no,no
no,no,yes,yes,no,no,no,yes,no,no,yes,yes,no,yes,yes,yes,no
yes,yes,no,yes,no,yes,no,yes,yes,yes,no,no,yes,no,yes,yes,yes
no,yes,no,no,no,no,no,yes,no,yes,no,yes,no,no,no,no,no
yes,no,no,no,yes,yes,no,yes,no,yes,yes,no,no,no,no,yes,no
no,yes,no,no,yes,no,no,no,yes,no,no,no,no,yes,no,no,no
no,no,no,no,yes,no,no,no,no,no,yes,no,yes,no,yes,yes,no
yes,no,yes,no,yes,yes,yes,no,yes,yes,yes,no,no,yes,no,no,yes
yes,no,yes,yes,no,yes,yes,no,yes,yes,yes,yes,yes,yes,yes,yes,yes
yes,yes,no,no,yes,no,yes,no,no,no,yes,no,no,yes,yes,no,no
no,yes,no,no,yes,no,yes,yes,no,yes,yes,no,yes,yes,yes,no,no
no,no,yes,no,yes,yes,no,yes,no,yes,no,yes,no,no,yes,no,no
no,yes,yes,no,no,no,yes,yes,no,yes,yes,yes,no,yes,yes,no,no
yes,no,yes,yes,yes,no,yes,no,no,yes,yes,no,no,no,no,yes,yes
no,yes,no,yes,yes,yes,yes,no,yes,yes,no,yes,no,no,no,no,yes
no,yes,no,yes,yes,yes,no,yes,no,no,no,yes,yes,no,no,yes,no
no,no,yes,no,no,yes,yes,no,yes,no,yes,no,no,yes,no,yes,no
no,yes,no,no,no,yes,no,yes,no,no,no,yes,yes,no,yes,yes,no
no,no,no,no,yes,yes,yes,no,no,no,yes,no,yes,yes,no,yes,no
yes,yes,yes,yes,no,yes,yes,no,yes,yes,yes,no,yes,no,yes,yes,yes
no,yes,no,yes,no,no,no,yes,yes,no,no,yes,yes,yes,no,yes,no
yes,no,no,yes,no,yes,yes,yes,yes,yes,no,no,no,yes,yes,yes,yes
yes,yes,no,no,no,yes,yes,no,no,no,yes,yes,no,yes,no,yes,no
no,yes,yes,no,no,yes,no,no,yes,no,yes,no,no,yes,no,no,no
no,no,yes,no,yes,yes,yes,yes,no,yes,yes,no,yes,no,yes,yes,yes
yes,yes,no,no,no,no,yes,yes,yes,yes,no,yes,no,no,no,yes,yes
no,yes,no,no,yes,no,no,yes,yes,no,no,yes,yes,no,no,yes,no
yes,no,no,yes,no,no,yes,no,no,no,yes,no,no,yes,no,yes,no
yes,yes,yes,yes,no,yes,yes,no,no,no,yes,yes,yes,no,yes,yes,yes
yes,yes,no,yes,yes,no,yes,no,yes,no,yes,yes,yes,no,yes,no,yes
no,no,yes,no,no,yes,yes,yes,yes,yes,no,yes,yes,yes,yes,yes,yes
yes,no,yes,yes,yes,no,yes,yes,no,no,no,no,no,yes,no,no,yes
no,no,yes,no,yes,yes,yes,no,no,yes,yes,no,no,yes,no,yes,no
no,no,yes,yes,yes,yes,yes,yes,no,yes,yes,no,no,yes,yes,yes,yes
yes,no,no,yes,no,yes,no,no,yes,yes,yes,yes,no,yes,no,no,no
no,no,no,no,yes,no,no,yes,no,yes,yes,yes,yes,yes,no,yes,no
no,yes,no,no,yes,no,yes,yes,yes,no,yes,no,yes,yes,yes,yes,no
yes,yes,no,no,no,no,no,no,no,yes,yes,no,no,yes,no,no,no
no,yes,no,no,yes,no,yes,yes,no,no,yes,no,no,yes,yes,no,no
no,no,yes,no,no,yes,no,no,no,no,no,no,yes,yes,no,no,no
no,no,no,no,no,yes,no,yes,yes,no,yes,no,no,yes,no,no,no
no,no,yes,no,yes,no,yes,no,no,no,no,no,yes,yes,yes,no,no
yes,no,no,no,no,yes,yes,yes,no,no,no,yes,yes,no,no,no,no
no,yes,yes,yes,yes,yes,yes,yes,no,no,yes,no,no,no,yes,no,yes
yes,no,no,no,no,no,yes,no,yes,yes,yes,no,yes,yes,no,yes,no
yes,yes,no,no,yes,yes,yes,no,no,no,no,no,yes,yes,yes,yes,no
no,no,yes,no,yes,no,no,no,yes,yes,yes,no,no,no,yes,yes,no
yes,yes,no,no,no,yes,no,yes,no,yes,yes,no,no,yes,yes,yes,no
no,no,no,no,no,no,no,no,no,no,no,no,yes,yes,yes,no,no
yes,yes,yes,yes,no,no,yes,no,no,no,yes,yes,yes,yes,yes,no,no
no,no,yes,no,yes,no,no,yes,yes,yes,no,no,no,no,no,no,no
yes,yes,no,no,yes,yes,no,yes,yes,no,no,yes,yes,yes,no,yes,yes
no,yes,yes,yes,yes,no,no,no,yes,no,no,no,no,yes,no,yes,no
yes,yes,no,yes,yes,no,no,no,no,no,no,yes,yes,yes,yes,no,no
yes,no,no,yes,no,yes,yes,yes,no,yes,yes,yes,no,no,yes,yes,yes
no,no,yes,yes,yes,no,no,yes,yes,yes,no,no,no,yes,yes,yes,yes
yes,no,yes,yes,no,no,yes,yes,yes,yes,yes,yes,no,yes,yes,no,yes
yes,yes,no,yes,no,no,yes,no,yes,yes,yes,yes,no,yes,yes,yes,yes
no,yes,no,yes,yes,yes,no,no,yes,yes,no,yes,yes,yes,yes,yes,yes
no,yes,yes,yes,no,yes,no,yes,no,yes,yes,yes,yes,yes,no,no,yes
yes,yes,no,yes,no,no,yes,no,yes,no,no,no,yes,yes,yes,no,no
no,yes,yes,yes,no,yes,no,no,no,no,yes,no,no,no,no,no,no
no,no,yes,no,yes,yes,no,yes,no,no,yes,no,yes,yes,no,yes,no
no,no,no,yes,no,no,no,no,no,no,yes,yes,yes,no,no,no,no
no,no,yes,yes,no,no,yes,yes,no,yes,no,no,yes,yes,no,yes,no
no,yes,no,no,yes,no,no,yes,no,yes,no,no,yes,yes,no,yes,no
no,no,yes,no,no,yes,no,no,yes,no,no,yes,yes,yes,yes,yes,no
yes,yes,yes,no,no,no,yes,no,no,yes,yes,yes,no,no,yes,no,no
no,yes,no,no,no,yes,no,no,no,no,no,no,yes,yes,no,yes,no
yes,no,yes,yes,no,no,yes,yes,yes,no,no,no,yes,no,no,yes,yes
no,no,yes,no,no,no,no,yes,no,yes,no,yes,yes,yes,no,no,no
no,yes,yes,yes,yes,yes,no,yes,yes,no,no,no,no,yes,yes,yes,yes
yes,no,no,no,no,no,yes,yes,no,no,no,yes,yes,no,no,yes,no
no,yes,no,yes,yes,yes,yes,no,no,yes,yes,no,yes,yes,no,no,yes
no,yes,yes,no,no,no,no,no,yes,no,yes,yes,no,no,no,yes,no
yes,yes,yes,no,no,no,yes,yes,no,yes,no,no,yes,yes,yes,no,yes
yes,yes,yes,no,yes,no,no,no,yes,no,no,yes,yes,no,yes,no,no
no,no,yes,yes,yes,yes,no,yes,no,no,no,yes,yes,no,no,yes,no
yes,no,no,yes,no,no,yes,no,no,no,no,yes,no,yes,no,no,no
yes,no,no,no,yes,yes,yes,yes,yes,no,yes,no,yes,no,no,no,yes
yes,yes,no,no,no,no,yes,yes,yes,no,no,no,no,no,yes,yes,no
no,no,yes,no,yes,no,no,yes,no,yes,yes,yes,yes,yes,yes,yes,no
yes,yes,yes,yes,yes,no,no,yes,no,yes,no,no,no,no,yes,yes,yes
no,no,yes,no,yes,no,no,yes,no,no,no,no,no,no,no,no,no
no,no,no,yes,yes,yes,yes,yes,yes,yes,yes,no,no,yes,no,yes,yes
no,no,yes,no,no,yes,yes,no,no,yes,yes,no,yes,yes,no,yes,no
no,yes,no,no,no,no,no,no,no,yes,no,no,no,yes,no,no,no
yes,yes,no,no,no,yes,no,yes,no,no,yes,yes,no,yes,no,yes,no
yes,no,yes,yes,no,no,yes,no,no,yes,no,no,yes,yes,yes,yes,no
no,no,no,yes,no,no,no,yes,yes,no,no,yes,no,no,no,yes,no
yes,no,yes,yes,no,yes,no,no,no,yes,yes,yes,no,yes,yes,yes,no
yes,yes,no,yes,yes,no,no,no,no,yes,yes,no,yes,no,yes,no,no
yes,no,no,yes,no,yes,yes,no,no,no,no,yes,yes,no,yes,no,no
yes,no,no,yes,yes,yes,no,no,yes,no,yes,yes,yes,no,no,no,no
yes,yes,yes,yes,yes,yes,yes,no,yes,no,no,yes,no,yes,no,yes,yes
yes,no,yes,no,yes,no,no,no,yes,yes,no,no,no,yes,no,yes,no
yes,no,no,no,yes,yes,no,no,no,no,no,no,yes,no,yes,yes,no
yes,yes,no,no,no,no,yes,no,no,yes,yes,yes,no,yes,yes,yes,no
no,yes,yes,yes,no,yes,yes,yes,yes,yes,no,no,yes,yes,yes,no,yes
no,no,no,no,no,yes,no,yes,no,yes,no,yes,yes,no,yes,yes,no
no,no,yes,yes,yes,yes,yes,no,yes,yes,yes,no,yes,no,no,yes,yes
yes,yes,no,no,no,no,no,yes,yes,no,no,yes,no,no,yes,no,no
yes,no,yes,no,yes,no,no,no,yes,no,yes,yes,yes,no,yes,yes,no
yes,no,yes,no,no,no,yes,no,yes,yes,no,no,no,no,no,no,no
yes,no,no,no,yes,yes,no,yes,yes,no,no,yes,yes,yes,no,no,no
no,yes,yes,yes,yes,yes,yes,no,yes,yes,no,yes,yes,yes,yes,yes,yes
yes,yes,no,yes,yes,yes,yes,yes,yes,no,yes,no,yes,yes,yes,yes,yes
no,no,yes,no,yes,yes,yes,no,no,no,yes,no,yes,yes,yes,no,no
yes,no,no,no,yes,yes,no,no,no,yes,no,no,no,yes,yes,yes,no
yes,yes,no,no,yes,yes,yes,yes,no,yes,yes,yes,no,no,no,no,yes
no,yes,yes,no,yes,no,yes,yes,yes,yes,yes,no,yes,no,yes,no,yes
yes,no,yes,no,yes,no,no,yes,yes,yes,no,no,yes,yes,no,yes,yes
yes,no,no,no,yes,no,yes,yes,yes,no,yes,no,no,yes,yes,yes,no
no,no,yes,yes,yes,yes,yes,no,yes,yes,yes,yes,no,yes,no,yes,yes
yes,yes,no,yes,no,yes,yes,yes,no,yes,yes,no,no,no,no,no,yes
no,yes,no,yes,no,yes,yes,yes,no,no,yes,yes,yes,yes,no,yes,no
yes,yes,yes,yes,no,no,no,yes,no,no,no,yes,yes,yes,no,yes,no
no,no,no,yes,no,no,no,no,no,yes,yes,no,yes,yes,no,no,no
no,no,no,yes,yes,no,yes,yes,yes,no,yes,yes,yes,yes,yes,yes,no
no,no,no,yes,yes,no,no,no,yes,yes,no,yes,yes,no,yes,no,no
no,no,yes,yes,yes,yes,no,no,no,no,no,no,no,no,yes,yes,no
no,no,no,no,yes,no,no,yes,yes,no,yes,no,yes,no,no,no,no
yes,no,no,no,no,no,yes,no,no,no,no,no,yes,yes,no,no,no
yes,yes,no,no,yes,no,yes,no,no,yes,no,no,yes,no,no,yes,no
yes,yes,yes,no,yes,yes,yes,no,yes,yes,yes,yes,no,yes,yes,no,yes
yes,no,no,yes,no,no,yes,no,yes,yes,no,no,no,yes,yes,no,no
no,yes,no,yes,yes,no,no,no,no,yes,yes,no,yes,yes,no,yes,no
yes,yes,yes,no,yes,no,no,yes,no,yes,yes,yes,no,no,no,yes,yes
yes,yes,no,yes,no,no,yes,no,yes,no,no,yes,no,yes,no,no,no
no,no,yes,no,yes,yes,yes,yes,no,yes,yes,yes,yes,yes,no,no,yes
no,yes,yes,no,yes,no,yes,yes,yes,yes,no,no,no,no,yes,yes,yes
yes,yes,no,yes,yes,yes,yes,no,yes,no,yes,yes,no,no,yes,no,yes
yes,yes,no,no,yes,no,no,yes,yes,yes,no,yes,no,no,yes,yes,yes
yes,yes,no,no,yes,no,yes,no,yes,no,no,yes,yes,no,no,no,no
yes,no,yes,yes,no,yes,yes,yes,yes,no,yes,no,yes,yes,yes,no,yes
no,no,yes,no,yes,no,yes,no,yes,yes,no,no,no,yes,no,yes,no
yes,yes,yes,no,yes,yes,yes,no,yes,no,yes,yes,yes,no,yes,no,yes
no,yes,no,yes,yes,no,no,yes,no,yes,no,yes,yes,no,no,no,no
yes,yes,yes,yes,yes,yes,no,yes,no,no,no,no,no,no,yes,no,yes
yes,no,yes,yes,yes,no,no,no,no,no,yes,yes,yes,no,no,yes,no
no,yes,yes,yes,yes,yes,yes,no,no,yes,no,yes,no,yes,yes,no,yes
no,yes,yes,yes,yes,no,no,no,yes,yes,yes,no,no,no,no,no,yes
no,no,yes,yes,yes,yes,no,yes,no,no,yes,yes,no,no,no,yes,no
no,yes,no,no,yes,no,no,yes,no,yes,yes,no,no,yes,no,no,no
no,no,yes,yes,no,no,no,yes,no,no,yes,yes,no,no,yes,no,no
no,yes,yes,no,yes,no,yes,no,yes,yes,no,yes,yes,no,no,no,yes
no,yes,no,no,no,no,yes,yes,no,yes,no,yes,yes,yes,yes,yes,no
yes,yes,yes,no,yes,no,no,no,yes,no,yes,no,no,no,no,no,no
yes,yes,yes,yes,no,no,yes,no,no,yes,no,yes,no,no,yes,no,yes
yes,yes,yes,no,no,no,no,yes,yes,yes,yes,no,no,no,yes,yes,yes
no,yes,yes,yes,yes,yes,no,yes,yes,yes,yes,no,no,no,no,no,yes
yes,yes,yes,no,yes,no,yes,no,yes,yes,yes,yes,no,yes,yes,yes,yes
no,no,no,yes,yes,no,yes,yes,no,yes,no,no,no,no,no,no,no
no,yes,yes,yes,yes,no,no,yes,no,yes,yes,no,no,yes,no,no,yes
yes,no,no,yes,no,yes,no,yes,yes,yes,yes,yes,yes,no,no,yes,yes
no,yes,no,yes,no,yes,no,no,yes,no,yes,no,no,yes,no,no,no
yes,no,yes,yes,yes,no,yes,yes,no,no,yes,no,no,yes,yes,yes,yes
no,yes,yes,no,no,yes,yes,yes,yes,yes,yes,yes,no,no,yes,no,yes
yes,yes,no,no,yes,no,no,no,yes,yes,yes,no,yes,yes,yes,no,no
yes,no,yes,yes,no,no,no,yes,no,no,yes,no,yes,yes,no,no,no
no,no,yes,yes,no,yes,yes,no,yes,yes,yes,no,yes,no,no,yes,yes
yes,yes,yes,yes,yes,yes,no,yes,no,yes,yes,yes,no,no,no,yes,yes
no,no,no,yes,no,no,no,no,no,no,no,yes,yes,no,yes,no,no
yes,no,no,yes,yes,no,no,no,yes,no,yes,yes,yes,yes,yes,no,no
no,no,no,no,no,no,yes,no,yes,yes,yes,yes,yes,yes,no,no,no
yes,no,yes,no,no,no,no,yes,no,no,yes,no,no,yes,yes,no,no
no,yes,no,yes,no,yes,yes,yes,no,yes,yes,yes,yes,yes,yes,no,yes
no,yes,no,no,no,yes,no,no,no,no,yes,no,no,yes,yes,yes,no
no,no,yes,no,no,yes,yes,no,yes,no,yes,yes,yes,yes,yes,no,no
yes,no,yes,yes,no,no,no,yes,yes,no,yes,yes,no,no,no,yes,no
no,yes,yes,yes,yes,no,no,yes,yes,no,yes,no,no,no,no,yes,yes
yes,no,no,yes,no,no,no,yes,no,yes,no,no,no,yes,no,no,no
yes,yes,no,no,no,yes,yes,yes,no,no,no,no,no,yes,no,no,no
no,yes,no,no,yes,yes,no,yes,yes,yes,yes,yes,yes,no,no,no,yes
no,yes,no,no,yes,yes,yes,no,no,no,yes,yes,no,no,no,no,no
no,yes,yes,no,no,yes,yes,yes,yes,no,yes,no,yes,no,yes,no,yes
yes,no,yes,no,no,no,no,no,yes,yes,yes,yes,no,no,yes,no,no
no,yes,yes,no,no,no,yes,no,yes,no,no,yes,yes,yes,no,no,no
yes,no,yes,yes,yes,yes,yes,no,no,no,yes,no,no,yes,no,no,yes
no,no,no,no,yes,yes,yes,no,no,yes,yes,yes,no,yes,yes,no,no
yes,yes,yes,no,yes,no,no,no,yes,yes,no,no,yes,yes,no,no,yes
yes,yes,no,yes,yes,no,no,yes,no,no,yes,no,yes,yes,yes,yes,no
yes,no,yes,no,no,yes,yes,no,yes,yes,no,no,yes,no,yes,no,yes
yes,no,yes,no,no,no,no,no,yes,no,no,no,no,yes,no,yes,no
yes,yes,no,no,no,no,no,yes,no,no,yes,no,yes,no,no,no,no
yes,no,no,no,no,yes,yes,yes,no,no,no,yes,yes,no,no,no,no
yes,no,yes,yes,yes,no,no,no,no,yes,yes,no,yes,no,no,yes,no
no,no,no,no,yes,yes,no,no,yes,yes,yes,yes,yes,no,yes,no,no
yes,yes,no,no,yes,no,no,yes,no,no,no,no,yes,no,no,yes,no
no,no,yes,no,no,no,no,yes,yes,no,yes,yes,yes,yes,yes,yes,no
yes,no,yes,yes,no,no,no,no,no,no,no,no,no,no,yes,no,no
yes,no,yes,yes,yes,yes,no,yes,yes,yes,no,no,yes,no,yes,no,yes
yes,yes,yes,no,yes,yes,yes,yes,no,no,no,yes,yes,yes,no,yes,yes
yes,no,no,yes,yes,yes,no,yes,yes,yes,yes,no,yes,no,no,yes,yes
yes,no,yes,no,no,yes,no,yes,no,no,no,yes,yes,yes,no,yes,no
yes,no,no,no,yes,no,no,no,no,yes,no,no,no,yes,yes,no,no
no,yes,no,yes,yes,no,yes,no,yes,no,no,no,no,yes,no,no,no
yes,no,yes,no,yes,yes,yes,no,no,yes,no,yes,no,no,yes,yes,yes
yes,no,no,no,no,yes,yes,yes,no,yes,yes,yes,no,no,yes,no,no
yes,no,no,yes,yes,no,yes,no,yes,yes,yes,yes,yes,yes,no,no,yes
no,no,yes,no,no,yes,yes,yes,no,yes,yes,no,yes,no,no,yes,no
yes,no,no,no,yes,no,yes,yes,no,yes,no,yes,no,no,yes,no,no
no,yes,yes,yes,yes,yes,no,yes,no,no,yes,yes,yes,no,no,yes,yes
yes,no,yes,yes,no,yes,no,no,yes,no,yes,no,yes,yes,no,no,no
yes,no,yes,no,yes,yes,yes,yes,no,yes,yes,yes,yes,no,no,yes,yes
yes,no,yes,yes,yes,no,no,no,yes,no,yes,yes,yes,yes,no,yes,no
yes,no,no,no,yes,no,yes,no,no,no,no,yes,yes,yes,yes,yes,no
yes,yes,yes,yes,yes,no,yes,no,no,no,no,yes,no,no,yes,no,yes
no,yes,no,no,no,yes,no,yes,yes,no,yes,no,yes,yes,no,yes,no
no,no,yes,yes,no,yes,yes,yes,yes,no,yes,yes,yes,no,no,yes,yes
yes,yes,yes,no,no,yes,no,no,no,no,yes,no,yes,yes,no,no,no
no,yes,yes,no,yes,yes,yes,yes,no,yes,yes,no,yes,yes,yes,no,yes
yes,no,no,yes,no,yes,yes,no,yes,no,no,yes,yes,yes,no,no,no
no,no,no,no,yes,yes,no,no,no,yes,yes,yes,no,no,yes,yes,no
no,no,yes,no,no,yes,yes,no,no,no,no,yes,no,yes,no,no,no
yes,no,no,yes,yes,no,no,no,yes,yes,no,no,no,yes,no,no,no
yes,no,no,yes,yes,yes,no,no,yes,yes,yes,no,no,no,yes,no,yes
yes,yes,no,no,no,no,no,no,no,yes,no,yes,yes,yes,yes,no,no
no,yes,no,no,no,yes,yes,yes,yes,yes,yes,no,no,no,no,yes,yes
yes,yes,yes,yes,no,no,no,yes,no,no,yes,yes,yes,no,yes,yes,no
yes,no,yes,yes,yes,yes,yes,yes,yes,yes,yes,yes,no,yes,no,no,yes
yes,no,yes,yes,yes,no,no,yes,no,yes,yes,no,no,no,no,yes,yes
yes,yes,yes,yes,no,no,yes,no,yes,yes,yes,no,no,yes,no,yes,yes
yes,yes,yes,no,yes,no,no,no,no,yes,no,yes,no,no,no,no,no
no,no,yes,no,yes,no,no,yes,no,no,no,no,no,yes,no,yes,no
yes,yes,no,yes,yes,yes,no,yes,no,yes,yes,yes,yes,yes,yes,yes,yes
no,yes,no,yes,yes,yes,no,yes,no,yes,no,yes,yes,yes,yes,no,yes
no,no,yes,yes,no,no,no,yes,no,no,no,yes,yes,yes,no,yes,no
no,yes,yes,no,no,no,yes,yes,yes,no,no,no,yes,no,no,no,no
yes,no,no,yes,yes,no,yes,no,no,yes,yes,yes,yes,no,no,yes,no
no,yes,yes,no,no,yes,no,yes,yes,no,yes,yes,no,no,yes,yes,no
yes,no,yes,no,no,yes,yes,no,yes,no,yes,no,yes,yes,yes,yes,no
no,yes,no,yes,no,yes,no,no,yes,yes,no,yes,yes,no,no,no,no
yes,no,no,yes,yes,yes,no,no,yes,yes,yes,yes,yes,no,yes,no,yes
no,no,no,no,no,no,no,yes,yes,no,no,no,yes,yes,no,yes,no
yes,yes,no,yes,no,no,yes,yes,no,no,no,yes,yes,yes,yes,yes,no
yes,yes,yes,yes,yes,no,no,no,yes,yes,no,yes,no,no,no,yes,yes
yes,yes,no,yes,yes,yes,no,yes,yes,no,no,yes,no,no,no,no,yes
no,no,yes,yes,no,yes,no,no,yes,yes,no,no,no,yes,no,yes,no
no,no,no,no,yes,no,no,yes,yes,yes,no,yes,yes,no,no,no,no
no,yes,yes,yes,yes,yes,yes,yes,yes,yes,no,no,yes,yes,no,yes,yes
yes,no,no,no,no,yes,yes,no,yes,no,yes,no,yes,yes,no,yes,no
no,no,yes,yes,yes,no,yes,no,no,yes,yes,no,no,yes,no,yes,no
yes,yes,no,no,no,yes,yes,no,no,no,no,yes,no,yes,no,no,no
no,no,yes,no,yes,yes,yes,no,no,no,no,no,yes,no,yes,no,no
yes,no,yes,no,no,no,no,no,yes,no,yes,yes,no,no,no,no,no
no,yes,no,no,yes,no,no,yes,no,no,yes,yes,yes,yes,yes,no,no
yes,no,yes,yes,no,yes,no,yes,yes,no,no,yes,yes,no,no,yes,yes
no,yes,no,yes,yes,no,yes,no,no,no,yes,yes,yes,no,yes,yes,no
no,yes,no,no,no,yes,no,yes,yes,yes,no,yes,yes,yes,no,yes,no
no,no,no,yes,no,yes,no,yes,yes,no,no,no,no,no,yes,yes,no
no,yes,yes,yes,yes,yes,yes,yes,yes,yes,yes,yes,yes,no,no,yes,yes
no,yes,no,no,yes,yes,yes,yes,no,no,yes,no,no,no,yes,no,no
no,yes,no,no,no,yes,no,no,yes,yes,yes,yes,yes,no,no,no,no
yes,yes,no,yes,yes,yes,yes,yes,no,yes,no,no,yes,yes,yes,yes,yes
no,yes,yes,yes,no,yes,yes,yes,yes,no,yes,no,yes,no,yes,no,yes
no,yes,no,no,no,no,yes,no,no,yes,no,yes,yes,yes,no,no,no
no,yes,yes,no,no,no,no,no,yes,yes,no,no,yes,yes,no,yes,no
yes,yes,yes,yes,no,no,no,yes,yes,yes,no,yes,no,no,yes,no,yes
yes,yes,yes,no,yes,yes,no,yes,no,no,yes,no,yes,no,no,yes,yes
no,no,no,no,yes,yes,yes,yes,no,no,no,yes,yes,no,yes,no,no
no,yes,yes,no,no,yes,no,yes,yes,no,no,yes,no,no,yes,no,no
no,yes,no,yes,yes,yes,yes,yes,yes,no,yes,yes,yes,yes,no,no,yes
yes,no,yes,yes,yes,yes,no,no,yes,no,no,no,yes,no,no,no,yes
no,no,no,no,no,yes,no,yes,yes,no,no,yes,no,yes,yes,no,no
no,no,yes,no,yes,yes,yes,yes,no,yes,yes,no,no,no,no,no,yes
no,no,yes,no,no,yes,no,yes,yes,yes,yes,no,no,no,no,no,no
no,no,no,no,no,yes,no,yes,yes,no,yes,yes,no,no,yes,yes,no
no,yes,no,no,no,yes,yes,no,yes,yes,yes,yes,no,yes,yes,yes,no
no,yes,yes,no,yes,no,no,no,no,no,yes,yes,no,no,no,no,no
no,yes,yes,yes,no,no,yes,no,no,no,yes,no,yes,no,no,no,no
no,no,yes,no,yes,no,no,no,no,no,no,yes,yes,no,no,no,no
yes,no,yes,no,yes,no,yes,no,yes,no,yes,yes,no,no,yes,yes,no
no,no,yes,yes,no,yes,no,no,no,no,yes,yes,no,yes,yes,no,no
no,yes,no,no,yes,no,yes,no,yes,no,yes,yes,yes,yes,yes,no,no
yes,no,no,no,no,yes,yes,yes,no,no,yes,no,no,yes,yes,no,no
yes,yes,no,yes,no,yes,yes,no,yes,no,yes,no,yes,no,no,yes,yes
no,no,yes,yes,no,yes,no,yes,no,no,yes,no,no,no,yes,yes,no
no,no,yes,no,no,yes,yes,no,no,yes,no,yes,yes,no,yes,no,no
no,yes,no,no,no,no,yes,no,yes,no,yes,no,no,no,yes,yes,no
yes,yes,yes,no,no,no,yes,yes,no,yes,yes,no,yes,no,yes,yes,yes
no,no,yes,no,no,no,no,yes,yes,no,yes,no,no,yes,yes,yes,no
no,yes,yes,no,no,yes,no,yes,no,no,no,no,no,no,yes,yes,no
yes,yes,yes,no,yes,yes,no,no,no,yes,yes,no,yes,yes,yes,yes,yes
no,no,no,no,yes,yes,no,no,no,yes,yes,yes,no,no,no,yes,no
no,yes,yes,yes,yes,yes,no,no,no,no,yes,yes,yes,yes,yes,yes,no
no,no,yes,yes,yes,no,no,no,yes,yes,yes,no,no,yes,yes,no,no
no,yes,yes,yes,no,yes,yes,no,yes,no,yes,yes,no,no,no,yes,yes
yes,yes,yes,no,no,yes,yes,yes,yes,yes,no,no,no,yes,yes,yes,yes
no,yes,yes,no,no,yes,no,no,no,yes,yes,yes,no,yes,no,no,no
yes,no,yes,yes,no,yes,yes,yes,no,no,no,no,yes,no,yes,yes,yes
no,no,yes,yes,yes,no,no,yes,yes,no,no,yes,no,no,yes,yes,no
no,yes,yes,no,yes,yes,no,yes,no,no,yes,yes,no,no,no,yes,no
no,no,no,no,no,yes,no,yes,yes,yes,no,yes,yes,no,yes,no,no
yes,no,no,no,yes,no,no,yes,yes,yes,yes,yes,no,no,no,no,no
no,yes,yes,yes,yes,yes,yes,yes,yes,no,yes,yes,yes,no,yes,no,yes
yes,yes,no,no,no,no,no,yes,no,no,yes,yes,yes,yes,no,yes,no
yes,no,yes,yes,no,yes,no,no,yes,no,yes,no,no,no,yes,no,no
yes,no,no,yes,yes,yes,yes,no,no,yes,no,no,no,yes,yes,no,yes
no,yes,yes,no,no,yes,no,no,yes,no,yes,yes,no,no,no,no,no
no,no,no,yes,yes,yes,yes,no,no,no,yes,yes,no,no,yes,no,no
no,yes,yes,no,no,yes,yes,no,yes,no,no,yes,yes,no,no,no,no
yes,no,no,yes,no,no,yes,yes,yes,no,no,no,no,yes,yes,yes,no
yes,yes,no,yes,yes,yes,yes,no,no,no,no,yes,no,yes,yes,no,yes
yes,no,no,no,yes,no,yes,no,yes,no,no,no,no,yes,yes,yes,no
no,no,yes,yes,no,yes,yes,yes,yes,yes,yes,yes,yes,yes,no,yes,yes
yes,yes,no,yes,no,no,no,no,yes,yes,no,yes,yes,yes,yes,no,no
no,no,yes,no,no,no,yes,yes,no,yes,yes,yes,yes,yes,no,no,no
no,yes,yes,no,no,no,yes,no,no,yes,no,no,no,no,no,yes,no
yes,yes,yes,yes,no,yes,no,no,yes,no,yes,no,yes,yes,no,yes,yes
no,no,no,no,yes,yes,yes,yes,no,yes,yes,yes,yes,yes,no,no,no
yes,no,yes,yes,no,no,yes,no,yes,yes,no,yes,yes,yes,yes,no,yes
yes,yes,yes,no,no,yes,no,no,no,no,yes,yes,yes,yes,yes,yes,no
no,yes,yes,yes,yes,yes,yes,no,yes,no,no,yes,yes,yes,no,yes,yes
yes,yes,yes,yes,no,yes,no,yes,no,yes,yes,yes,no,no,no,yes,yes
no,no,yes,no,yes,no,yes,no,yes,no,no,no,yes,yes,no,yes,no
no,no,yes,yes,no,no,no,yes,no,yes,yes,yes,yes,no,no,no,no
yes,yes,yes,yes,no,no,no,yes,no,yes,no,yes,no,no,no,no,yes
no,no,no,yes,yes,yes,no,no,yes,no,no,no,yes,no,yes,yes,no
yes,yes,no,no,yes,yes,yes,no,yes,no,yes,no,yes,no,no,no,yes
no,no,no,no,no,yes,yes,yes,no,yes,no,yes,no,yes,no,yes,no
yes,no,no,yes,no,no,yes,no,yes,no,no,no,no,yes,yes,no,no
yes,yes,yes,no,yes,no,yes,yes,yes,no,no,no,yes,no,no,yes,yes
no,no,no,no,yes,yes,yes,yes,no,no,no,yes,no,yes,yes,no,no
yes,yes,no,no,no,no,yes,no,no,yes,yes,no,yes,no,no,yes,no
no,yes,yes,no,yes,no,yes,yes,no,yes,yes,no,no,yes,yes,no,yes
no,yes,yes,no,yes,no,no,yes,yes,no,no,yes,yes,no,no,yes,no
yes,yes,yes,yes,no,yes,no,no,no,no,no,no,yes,no,no,yes,no
yes,yes,no,yes,yes,no,yes,no,no,yes,yes,no,no,no,no,yes,yes
no,yes,no,yes,no,no,yes,yes,yes,no,yes,no,no,yes,yes,no,no
yes,no,no,yes,yes,yes,yes,no,yes,no,yes,yes,yes,yes,yes,yes,yes
no,no,no,no,yes,no,no,yes,yes,no,yes,no,no,yes,no,yes,no
yes,yes,yes,no,yes,no,no,no,no,yes,no,no,no,yes,yes,yes,no
no,no,yes,no,yes,no,yes,yes,yes,yes,yes,yes,yes,no,yes,yes,yes
no,yes,yes,yes,yes,yes,yes,no,no,no,yes,yes,no,no,no,no,yes
no,yes,yes,yes,no,yes,yes,no,no,no,no,no,no,no,no,yes,no
yes,no,yes,yes,yes,no,no,yes,yes,yes,no,no,yes,yes,no,no,yes
yes,no,yes,yes,yes,no,no,no,yes,no,yes,yes,no,no,no,no,no
no,yes,no,yes,no,yes,no,yes,no,no,no,no,no,yes,no,no,no
yes,no,yes,yes,no,yes,yes,no,no,yes,no,no,yes,no,no,yes,yes
yes,yes,no,yes,no,no,no,no,yes,yes,no,no,no,no,no,no,no
yes,yes,yes,no,no,no,yes,yes,no,no,no,yes,no,no,no,yes,no
yes,no,yes,no,yes,no,no,yes,no,no,yes,no,yes,yes,no,yes,no
no,no,yes,no,no,yes,yes,no,no,yes,no,no,no,yes,yes,no,no
yes,no,no,yes,yes,yes,yes,no,yes,yes,no,no,no,yes,no,no,yes
yes,no,yes,no,no,no,no,yes,no,yes,no,yes,yes,no,no,yes,no
no,no,no,no,no,yes,no,no,no,no,yes,no,yes,yes,no,no,no
yes,yes,no,no,no,no,no,yes,no,yes,no,yes,yes,no,no,yes,no
yes,yes,no,no,no,no,no,yes,no,yes,yes,yes,yes,no,yes,no,no
no,no,no,no,yes,no,yes,yes,no,yes,yes,yes,no,yes,yes,no,no
yes,yes,no,yes,no,yes,yes,yes,yes,no,yes,no,yes,no,yes,no,yes
yes,no,no,yes,no,no,no,yes,yes,yes,no,yes,no,no,yes,yes,no
no,no,no,yes,yes,no,yes,yes,no,no,no,no,no,yes,no,no,no
yes,no,no,no,yes,yes,yes,no,yes,yes,no,no,yes,no,yes,yes,yes
no,yes,yes,yes,yes,yes,no,no,no,yes,no,no,no,yes,yes,no,yes
no,yes,no,yes,no,no,no,no,yes,yes,no,no,yes,yes,yes,no,no
no,no,yes,no,no,no,yes,yes,no,yes,yes,no,yes,yes,no,yes,no
yes,yes,yes,no,yes,no,yes,yes,no,yes,no,no,no,no,no,yes,yes
no,yes,no,yes,yes,no,no,no,no,no,yes,yes,yes,yes,no,no,no
no,yes,yes,yes,no,no,no,yes,no,yes,no,yes,yes,no,yes,yes,no
yes,no,no,no,no,yes,yes,yes,yes,no,no,yes,no,no,no,no,no
no,no,yes,no,no,no,no,no,yes,no,yes,yes,no,no,no,no,no
yes,no,yes,no,yes,no,no,yes,no,yes,yes,yes,no,no,yes,no,no
yes,no,no,yes,no,no,yes,yes,no,no,no,no,no,no,no,yes,no
yes,no,yes,yes,no,yes,yes,yes,no,no,yes,no,no,no,no,yes,yes
no,yes,no,yes,no,no,yes,no,yes,yes,no,yes,no,no,yes,no,no
no,yes,yes,no,no,no,yes,no,no,no,yes,no,yes,no,yes,yes,no
no,no,yes,yes,no,yes,yes,yes,yes,no,no,no,yes,no,yes,no,yes
no,yes,no,yes,no,no,yes,yes,yes,yes,no,no,yes,yes,yes,yes,yes
no,no,yes,yes,yes,no,yes,no,no,yes,yes,yes,yes,no,no,yes,no
no,yes,no,yes,no,no,no,yes,yes,no,yes,yes,yes,yes,yes,yes,no
no,no,yes,no,no,yes,no,yes,yes,yes,yes,no,no,no,yes,yes,no
yes,yes,no,yes,yes,no,yes,no,yes,no,no,yes,yes,no,no,no,yes
yes,yes,yes,no,no,yes,no,yes,no,yes,yes,yes,yes,no,no,yes,yes
yes,no,no,yes,yes,yes,no,no,no,yes,yes,yes,no,no,no,no,no
yes,no,no,yes,no,yes,no,no,no,yes,no,no,yes,yes,no,yes,no
no,no,yes,yes,no,yes,no,yes,yes,yes,no,no,yes,no,no,yes,yes
yes,yes,no,yes,no,yes,yes,yes,yes,yes,yes,yes,no,no,no,no,yes
no,no,yes,no,no,no,yes,no,no,yes,yes,yes,yes,yes,no,yes,no
no,no,yes,yes,no,yes,no,no,yes,yes,yes,no,no,yes,yes,yes,no
no,no,yes,yes,no,yes,yes,no,yes,no,yes,no,yes,yes,yes,yes,no
yes,yes,no,no,no,no,no,yes,no,yes,no,yes,no,yes,no,yes,no
yes,yes,no,yes,yes,no,no,yes,no,yes,yes,yes,no,yes,yes,no,yes
no,no,yes,no,no,yes,yes,yes,no,yes,yes,no,yes,yes,yes,no,no
yes,no,yes,yes,no,yes,no,no,yes,no,no,no,no,yes,yes,no,no
yes,no,no,no,no,yes,no,no,no,yes,yes,yes,no,yes,yes,yes,no
yes,yes,yes,yes,no,yes,yes,no,yes,yes,no,yes,yes,yes,no,yes,yes
yes,no,yes,yes,no,no,yes,yes,yes,yes,yes,yes,no,no,yes,yes,yes
yes,yes,yes,yes,no,yes,no,yes,no,yes,no,no,no,no,no,yes,yes
no,yes,yes,no,yes,yes,yes,no,no,yes,no,yes,no,yes,yes,yes,yes
yes,yes,no,yes,yes,no,no,yes,yes,no,yes,no,yes,yes,no,yes,yes
yes,yes,yes,yes,yes,yes,yes,no,yes,no,yes,yes,no,yes,no,no,yes
yes,no,yes,no,no,no,no,yes,yes,no,yes,yes,no,no,no,yes,no
no,no,yes,no,no,yes,no,yes,no,no,no,yes,yes,yes,no,yes,no
no,yes,yes,yes,no,yes,no,yes,yes,yes,yes,yes,yes,yes,yes,no,yes
yes,no,yes,yes,no,no,yes,yes,no,no,yes,yes,no,yes,no,yes,no
no,yes,no,no,yes,no,yes,yes,yes,no,no,yes,no,yes,yes,no,no
yes,no,yes,yes,yes,no,no,yes,no,no,no,no,no,yes,no,no,no
no,no,yes,yes,no,yes,no,yes,no,yes,yes,yes,no,yes,yes,no,no
no,yes,yes,yes,yes,yes,yes,yes,no,yes,yes,no,yes,no,yes,yes,yes
yes,yes,no,yes,no,yes,no,yes,no,no,no,yes,yes,yes,yes,yes,no
no,no,yes,no,no,no,no,no,yes,no,no,no,yes,no,no,yes,no
yes,yes,no,yes,no,yes,no,no,yes,no,yes,no,yes,no,yes,yes,no
no,yes,yes,yes,yes,yes,yes,yes,no,no,no,yes,yes,yes,yes,yes,yes
no,yes,no,yes,yes,yes,yes,yes,yes,yes,yes,yes,no,yes,yes,yes,yes
yes,no,no,no,no,yes,no,no,no,no,no,yes,yes,yes,no,yes,no
yes,no,yes,yes,yes,no,yes,yes,no,no,yes,no,yes,no,yes,yes,yes
no,no,yes,yes,no,no,no,yes,yes,yes,yes,no,no,yes,yes,yes,no
yes,no,no,yes,no,no,yes,no,yes,yes,yes,no,yes,yes,no,yes,no
yes,yes,yes,no,no,yes,yes,no,yes,no,no,yes,yes,no,no,no,yes
no,no,yes,yes,no,no,yes,no,yes,yes,no,no,no,no,yes,yes,no
yes,yes,yes,yes,no,no,no,no,yes,no,no,yes,no,yes,no,no,no
no,yes,yes,no,yes,no,yes,yes,no,no,no,yes,no,yes,no,no,no
no,no,yes,no,no,yes,yes,no,yes,no,no,yes,yes,no,yes,no,no
no,no,yes,no,no,yes,no,no,yes,yes,no,yes,yes,yes,no,yes,no
no,no,yes,no,no,no,no,yes,no,yes,no,no,no,no,no,no,no
no,no,yes,yes,yes,yes,no,yes,yes,yes,no,no,yes,yes,no,no,yes
yes,yes,no,no,no,no,yes,no,no,yes,no,yes,no,yes,yes,no,no
yes,yes,yes,no,yes,no,no,yes,yes,yes,yes,no,no,no,no,no,yes
yes,yes,no,yes,yes,no,no,yes,yes,yes,no,no,no,yes,no,yes,yes
no,no,no,yes,yes,yes,yes,no,yes,yes,no,yes,no,no,no,no,yes
yes,no,no,no,yes,no,no,no,no,no,no,yes,yes,no,yes,yes,no
yes,no,no,no,yes,yes,no,yes,no,no,no,no,no,yes,no,yes,no
no,no,no,no,yes,no,yes,no,yes,yes,yes,yes,no,yes,no,yes,no
no,no,yes,no,no,no,no,no,yes,yes,no,no,no,no,no,no,no
yes,no,no,no,yes,yes,no,no,no,yes,yes,no,no,yes,yes,no,no
yes,yes,yes,yes,no,no,yes,no,no,yes,yes,no,no,yes,yes,no,yes
no,yes,yes,no,yes,no,yes,no,yes,no,no,yes,yes,no,no,no,no
no,yes,no,yes,no,yes,no,yes,yes,no,no,yes,yes,yes,no,no,no
no,yes,yes,yes,no,no,no,no,no,yes,yes,yes,yes,no,yes,no,no
yes,yes,yes,yes,no,yes,no,yes,yes,no,no,yes,yes,no,yes,no,yes
no,yes,yes,no,no,yes,yes,no,no,yes,no,no,no,no,no,yes,no
yes,yes,no,no,yes,no,no,no,no,no,no,no,no,yes,no,no,no
no,yes,no,yes,no,no,no,no,yes,no,no,yes,no,yes,no,yes,no
no,no,no,yes,yes,yes,yes,yes,no,yes,no,yes,no,no,no,no,yes
yes,yes,no,yes,yes,no,no,no,no,yes,no,no,no,yes,no,no,no
no,no,no,no,yes,yes,no,no,yes,yes,yes,yes,yes,yes,yes,yes,no
yes,no,no,yes,no,no,no,yes,no,yes,yes,yes,yes,yes,yes,yes,no
no,yes,no,yes,no,yes,no,no,yes,no,yes,yes,no,no,no,no,no
no,no,no,no,yes,yes,yes,no,yes,yes,yes,no,no,yes,yes,yes,no
no,yes,yes,yes,no,yes,yes,no,no,no,yes,no,yes,no,no,no,no
no,yes,yes,no,no,no,no,yes,no,yes,no,no,yes,no,no,no,no
no,no,no,no,yes,yes,yes,no,yes,no,yes,no,yes,no,no,yes,no
no,yes,no,no,yes,no,yes,no,yes,yes,no,yes,no,no,no,no,no
no,no,no,yes,yes,no,yes,no,yes,no,no,yes,no,yes,no,yes,no
yes,yes,no,yes,yes,no,yes,no,no,no,yes,no,yes,yes,yes,no,no
yes,yes,no,yes,no,yes,yes,yes,yes,yes,yes,no,yes,no,no,yes,yes
yes,yes,no,no,no,no,no,no,yes,yes,yes,no,no,no,yes,yes,no
yes,no,no,yes,yes,no,no,yes,no,no,yes,no,yes,no,yes,yes,no
no,yes,no,no,no,yes,no,yes,no,no,yes,yes,yes,yes,no,no,no
yes,no,no,yes,no,no,no,yes,yes,yes,no,yes,no,no,yes,no,no
no,yes,no,yes,yes,yes,yes,no,yes,yes,yes,no,no,yes,no,yes,yes
yes,yes,no,yes,yes,no,yes,yes,yes,yes,no,yes,no,no,yes,no,yes
yes,no,yes,yes,yes,yes,no,yes,yes,no,yes,no,yes,no,yes,yes,yes
yes,yes,no,no,no,no,yes,yes,yes,no,no,yes,no,no,yes,no,no
yes,no,yes,yes,yes,yes,yes,yes,no,yes,yes,no,yes,no,no,no,yes
no,yes,yes,no,yes,yes,yes,no,yes,yes,no,no,yes,no,yes,yes,yes
yes,no,no,yes,yes,yes,no,no,no,yes,yes,no,yes,yes,yes,no,no
no,yes,yes,no,yes,yes,no,no,no,yes,no,yes,yes,yes,no,no,no
yes,yes,no,no,no,yes,no,yes,yes,yes,no,yes,no,yes,no,yes,yes
yes,no,yes,yes,yes,yes,yes,no,no,yes,yes,no,no,no,no,no,yes
yes,yes,yes,yes,yes,no,yes,yes,yes,no,yes,yes,yes,no,yes,no,yes
yes,yes,yes,yes,no,yes,no,no,yes,no,no,yes,no,no,yes,yes,yes
no,yes,no,no,yes,no,yes,yes,yes,yes,yes,no,no,yes,yes,yes,yes
no,yes,yes,no,yes,no,no,yes,yes,no,yes,no,yes,yes,yes,no,no
no,no,no,no,yes,no,no,no,yes,yes,no,yes,yes,no,yes,no,no
yes,no,yes,yes,no,no,no,yes,yes,no,no,no,no,no,yes,no,no
no,no,yes,no,no,yes,yes,no,yes,yes,no,yes,no,no,no,yes,no
no,no,no,no,no,yes,no,yes,yes,yes,no,yes,no,yes,no,yes,no
no,no,no,no,yes,no,yes,yes,no,no,yes,no,no,no,no,no,no
no,yes,no,yes,no,no,no,yes,no,yes,yes,no,no,yes,no,yes,no
no,no,yes,yes,yes,yes,no,yes,no,no,yes,yes,no,yes,yes,yes,no
yes,yes,no,yes,no,yes,yes,no,yes,yes,no,no,yes,no,no,yes,yes
yes,yes,yes,yes,yes,no,yes,no,yes,yes,no,yes,no,yes,no,no,yes
no,yes,yes,no,yes,no,no,no,no,yes,yes,no,no,yes,yes,yes,no
yes,yes,no,no,no,no,yes,yes,no,yes,yes,no,yes,no,yes,yes,no
no,no,yes,yes,yes,no,no,yes,yes,yes,yes,no,yes,yes,yes,no,yes
yes,yes,no,no,no,no,yes,no,no,yes,yes,yes,yes,yes,no,yes,no
no,yes,no,no,yes,yes,no,no,no,yes,yes,no,yes,no,no,no,no
no,yes,yes,no,yes,no,no,no,yes,yes,no,yes,yes,yes,no,no,no
no,yes,yes,yes,yes,no,yes,no,no,yes,no,yes,no,yes,yes,no,yes
yes,no,yes,no,no,yes,no,no,no,yes,yes,no,yes,no,no,no,no
yes,no,no,yes,yes,no,no,no,yes,yes,no,no,no,yes,yes,no,no
no,yes,no,yes,yes,no,yes,no,yes,no,no,no,no,yes,no,no,no
yes,yes,yes,yes,yes,no,no,yes,yes,yes,yes,yes,no,yes,yes,yes,yes
yes,yes,yes,yes,no,no,yes,yes,yes,no,yes,yes,yes,yes,no,yes,yes
yes,yes,no,yes,no,yes,no,yes,no,yes,no,yes,yes,no,no,no,yes
yes,no,no,no,yes,yes,no,no,yes,no,yes,no,no,yes,yes,yes,no
no,yes,no,yes,no,yes,yes,yes,yes,yes,yes,yes,no,no,no,yes,yes
no,yes,yes,yes,no,no,no,yes,yes,no,no,yes,yes,no,no,yes,no
no,no,yes,yes,no,no,no,yes,yes,yes,yes,yes,yes,no,no,yes,no
no,no,yes,yes,no,yes,no,no,yes,no,no,yes,no,no,no,yes,no
yes,no,no,yes,no,no,yes,no,yes,no,yes,no,no,yes,no,yes,no
no,no,no,yes,yes,yes,yes,yes,no,no,yes,no,no,yes,yes,yes,no
yes,no,no,no,no,yes,no,no,yes,no,no,no,yes,no,yes,no,no
yes,no,no,yes,yes,no,no,yes,no,no,yes,yes,yes,no,yes,yes,no
yes,yes,yes,yes,yes,no,no,no,no,yes,yes,no,no,no,yes,yes,yes
yes,no,yes,no,no,no,yes,no,no,no,no,no,no,yes,yes,yes,no
no,yes,no,no,yes,no,yes,no,no,no,yes,no,yes,no,yes,no,no
yes,no,no,no,no,no,no,yes,yes,yes,no,no,yes,yes,no,no,no
yes,no,yes,no,yes,yes,no,yes,no,no,no,no,no,yes,yes,yes,no
no,yes,yes,no,yes,yes,yes,no,no,yes,no,no,yes,yes,yes,yes,yes
no,no,no,no,no,no,no,no,no,no,no,no,no,no,no,yes,no
no,yes,yes,no,yes,no,yes,no,no,yes,no,no,no,yes,yes,yes,no
yes,no,no,no,yes,no,yes,no,no,no,yes,yes,no,no,no,yes,no
no,no,yes,yes,yes,yes,no,yes,no,yes,no,yes,no,yes,yes,yes,yes
no,no,yes,no,yes,no,yes,no,no,no,no,yes,yes,no,no,yes,no
yes,no,no,no,no,no,yes,yes,no,no,no,no,yes,no,yes,yes,no
no,no,no,yes,yes,no,no,no,no,yes,no,no,no,yes,no,no,no
no,yes,no,no,yes,yes,yes,no,yes,no,no,yes,yes,yes,no,yes,no
yes,no,yes,yes,no,no,no,yes,no,yes,yes,no,yes,no,no,yes,no
yes,yes,no,no,yes,yes,yes,yes,no,yes,yes,yes,no,no,yes,no,yes
no,no,yes,yes,no,yes,yes,yes,yes,no,yes,yes,yes,yes,no,no,yes
yes,no,yes,no,no,yes,no,no,yes,no,yes,no,yes,yes,yes,yes,no
no,yes,yes,yes,yes,no,no,yes,no,no,yes,yes,no,yes,yes,yes,no
no,no,yes,yes,no,no,yes,no,yes,yes,no,yes,yes,yes,yes,no,no
no,no,no,no,no,yes,no,yes,yes,no,no,yes,no,no,no,yes,no
yes,yes,yes,no,no,no,no,yes,no,no,no,yes,no,no,yes,no,no
no,yes,no,yes,no,yes,no,yes,yes,no,yes,no,no,no,no,yes,no
yes,no,yes,yes,yes,no,no,yes,no,yes,no,no,yes,no,yes,yes,yes
no,yes,yes,no,yes,yes,yes,no,yes,no,no,no,no,yes,yes,no,yes
no,no,no,no,no,no,yes,yes,yes,no,yes,no,no,yes,no,no,no
yes,no,no,yes,no,no,no,yes,no,yes,no,no,no,yes,no,yes,no
no,no,no,yes,no,no,no,yes,no,no,no,yes,yes,no,yes,yes,no
no,no,yes,no,yes,no,no,no,no,no,no,no,yes,yes,yes,yes,no
no,no,yes,yes,no,no,yes,no,no,no,no,no,no,no,yes,no,no
no,yes,yes,no,no,no,no,no,yes,no,yes,no,yes,yes,yes,no,no
yes,no,no,yes,yes,yes,yes,no,no,no,yes,no,no,no,no,no,no
no,yes,no,no,no,no,no,no,no,no,yes,no,no,yes,no,yes,no
yes,yes,no,yes,yes,yes,no,no,no,yes,no,no,no,no,no,yes,yes
yes,no,yes,yes,no,yes,no,no,yes,no,no,no,no,yes,yes,yes,no
no,yes,yes,yes,no,no,no,no,yes,yes,no,no,no,yes,no,no,no
no,yes,no,no,yes,yes,yes,no,yes,yes,yes,yes,yes,yes,yes,yes,yes
no,yes,yes,no,no,no,yes,yes,yes,no,no,yes,no,yes,no,no,no
yes,no,no,yes,yes,yes,no,yes,no,no,no,no,no,no,no,no,no
no,no,yes,yes,yes,no,yes,no,yes,yes,no,no,yes,yes,no,yes,yes
yes,yes,yes,yes,no,yes,yes,yes,yes,yes,no,no,no,yes,no,no,yes
no,no,yes,yes,no,no,no,yes,yes,no,yes,yes,no,no,yes,no,no
yes,no,yes,yes,yes,no,no,yes,yes,no,yes,yes,no,no,no,yes,yes
yes,no,no,yes,no,yes,yes,no,no,yes,yes,no,no,yes,yes,yes,no
no,no,yes,no,no,yes,yes,no,no,no,yes,no,yes,no,yes,yes,no
yes,yes,yes,yes,yes,no,yes,no,yes,no,no,no,yes,yes,yes,no,yes
no,no,yes,yes,yes,no,no,yes,no,no,no,yes,no,yes,no,yes,no
yes,yes,no,no,yes,yes,no,yes,yes,no,no,yes,no,no,no,no,yes
no,no,no,no,no,no,yes,yes,yes,yes,yes,no,no,no,no,yes,no
no,no,no,yes,yes,no,yes,yes,yes,yes,yes,yes,no,no,no,yes,yes
yes,no,no,yes,yes,yes,yes,no,no,no,no,yes,no,yes,yes,yes,no
yes,no,no,no,no,yes,yes,yes,no,yes,yes,no,yes,yes,no,yes,no
no,no,no,no,no,yes,yes,no,yes,no,no,no,no,no,no,no,no
no,yes,yes,yes,no,no,no,yes,no,no,yes,yes,no,yes,yes,yes,no
no,yes,no,yes,yes,no,yes,yes,yes,no,yes,no,yes,yes,yes,yes,yes
no,yes,no,no,no,yes,yes,no,yes,yes,yes,yes,no,no,no,yes,no
yes,yes,yes,yes,no,yes,yes,yes,no,yes,no,yes,yes,no,no,yes,yes
yes,yes,yes,yes,no,no,no,no,yes,yes,yes,no,yes,yes,no,yes,yes
no,no,no,yes,yes,yes,no,no,yes,no,yes,no,no,yes,yes,yes,no
yes,yes,no,yes,no,yes,no,yes,yes,no,yes,no,yes,no,yes,no,yes
yes,yes,no,yes,no,yes,yes,no,no,no,yes,yes,yes,yes,no,no,no
yes,no,yes,yes,yes,no,no,yes,yes,yes,no,no,no,no,no,no,yes
yes,no,yes,yes,yes,yes,yes,yes,yes,no,no,yes,no,no,yes,no,yes
yes,yes,yes,no,no,no,no,yes,no,yes,yes,no,no,no,no,yes,no
no,no,no,no,yes,no,no,yes,no,yes,no,no,no,yes,yes,yes,no
yes,yes,yes,no,yes,no,yes,no,yes,no,no,no,yes,yes,yes,yes,yes
yes,yes,no,yes,no,no,no,yes,yes,no,no,no,yes,no,no,no,no
yes,no,yes,no,no,no,no,yes,yes,no,yes,no,no,yes,yes,yes,no
no,no,yes,yes,yes,no,no,yes,yes,no,yes,yes,no,no,no,no,no
no,no,no,no,yes,yes,no,no,no,yes,yes,no,no,no,yes,no,no
no,yes,yes,yes,no,no,no,no,yes,no,yes,yes,yes,yes,no,yes,no
yes,yes,no,no,yes,no,yes,no,yes,no,no,no,yes,no,yes,yes,no
no,no,no,no,yes,no,no,no,no,no,no,no,yes,yes,yes,yes,no
no,yes,no,no,no,yes,yes,no,yes,no,no,no,yes,no,yes,yes,no
no,yes,no,yes,no,yes,no,no,yes,no,no,yes,yes,yes,no,no,no
no,yes,yes,no,no,no,yes,yes,yes,yes,yes,yes,no,no,no,yes,yes
no,yes,yes,no,no,no,no,no,no,yes,no,yes,yes,yes,yes,yes,no
yes,no,yes,yes,yes,yes,no,yes,yes,no,no,yes,no,yes,yes,yes,yes
yes,no,yes,yes,yes,yes,no,yes,no,no,yes,no,yes,yes,no,no,yes
no,no,no,yes,yes,yes,no,no,no,yes,no,yes,no,no,yes,yes,no
yes,no,yes,yes,no,no,yes,yes,no,no,yes,yes,no,no,no,no,no
no,no,no,no,yes,no,no,no,no,no,no,yes,no,no,yes,no,no
no,no,no,yes,no,yes,no,no,yes,yes,no,yes,yes,no,no,no,no
yes,no,no,yes,yes,yes,yes,yes,no,yes,no,yes,yes,yes,yes,no,yes
yes,no,yes,no,yes,no,no,yes,yes,yes,no,yes,yes,no,yes,no,yes
yes,no,yes,no,yes,no,no,yes,yes,yes,no,no,no,no,no,no,yes
no,no,no,yes,yes,yes,no,no,yes,yes,yes,yes,yes,yes,no,no,no
no,no,no,yes,no,no,yes,yes,no,yes,no,no,no,yes,yes,yes,no
yes,no,yes,yes,yes,no,yes,no,no,no,no,yes,yes,yes,yes,no,no
yes,no,yes,no,yes,yes,yes,yes,yes,yes,no,yes,yes,yes,no,yes,yes
no,no,no,yes,no,yes,yes,yes,no,yes,no,yes,yes,yes,yes,yes,no
no,no,yes,yes,yes,no,yes,yes,no,yes,yes,yes,no,no,yes,no,yes
yes,no,yes,yes,no,yes,no,yes,yes,yes,yes,yes,yes,no,yes,no,yes
yes,yes,no,yes,yes,no,yes,yes,no,no,no,yes,no,no,yes,yes,yes
yes,yes,no,no,no,yes,no,yes,no,no,yes,yes,no,no,yes,yes,no
no,yes,yes,no,yes,yes,yes,yes,no,no,no,yes,yes,no,no,yes,yes
no,no,yes,yes,yes,no,yes,no,yes,no,yes,no,yes,yes,no,yes,no
yes,yes,no,yes,no,no,no,yes,yes,no,yes,no,no,no,no,yes,no
no,yes,no,yes,no,yes,yes,yes,no,no,no,no,yes,no,yes,no,no
yes,yes,no,yes,yes,no,yes,yes,no,yes,no,yes,no,yes,no,no,yes
no,no,yes,yes,yes,yes,no,yes,no,yes,no,no,yes,no,no,yes,yes
no,no,yes,no,yes,yes,yes,yes,yes,yes,no,yes,no,no,no,yes,yes
yes,yes,yes,yes,yes,yes,yes,no,yes,yes,no,yes,no,no,yes,no,yes
yes,no,no,yes,yes,yes,no,yes,no,yes,yes,no,no,yes,no,yes,yes
no,no,no,no,no,no,yes,no,yes,yes,yes,yes,yes,no,yes,no,no
yes,no,no,yes,no,yes,no,no,yes,yes,yes,no,yes,no,yes,yes,no
no,no,yes,no,yes,no,yes,yes,yes,yes,no,no,yes,yes,yes,yes,yes
yes,no,no,no,yes,yes,yes,yes,yes,yes,no,yes,no,yes,no,yes,yes
yes,yes,yes,yes,yes,yes,no,yes,no,no,no,no,no,yes,yes,no,yes
yes,yes,yes,no,no,no,yes,no,yes,yes,yes,yes,yes,no,yes,yes,yes
no,no,yes,no,no,no,no,yes,no,yes,no,yes,no,no,no,no,no
no,yes,yes,yes,no,yes,no,no,no,no,yes,no,yes,no,no,no,no
no,no,yes,no,no,yes,no,yes,no,yes,no,no,yes,no,no,yes,no
no,yes,yes,no,no,yes,no,no,no,no,no,yes,no,no,no,no,no
no,no,yes,no,no,yes,yes,yes,no,yes,yes,no,yes,no,no,no,no
no,no,yes,no,no,no,yes,yes,no,no,yes,yes,yes,yes,yes,yes,no
yes,yes,yes,yes,yes,no,yes,yes,no,no,no,no,yes,yes,no,no,yes
no,no,yes,no,no,yes,yes,yes,no,yes,yes,no,no,no,no,no,no
yes,no,no,no,yes,no,no,yes,yes,no,no,no,yes,yes,no,yes,no
yes,no,yes,no,no,yes,no,yes,yes,no,no,yes,no,no,no,no,no
yes,yes,yes,no,yes,yes,no,yes,no,no,yes,no,no,yes,yes,yes,yes
yes,yes,yes,yes,no,no,no,yes,no,yes,yes,yes,yes,no,yes,yes,yes
no,no,no,yes,no,no,yes,no,yes,yes,no,no,yes,yes,no,yes,no
no,yes,no,yes,no,no,yes,no,no,no,yes,yes,yes,no,no,yes,no
yes,yes,no,yes,yes,yes,no,no,yes,yes,no,yes,yes,no,no,yes,yes
no,no,yes,yes,yes,yes,no,no,no,no,yes,yes,no,no,no,yes,no
no,no,yes,yes,yes,yes,yes,yes,no,yes,yes,no,yes,no,no,no,yes
no,yes,yes,yes,no,no,yes,yes,yes,yes,yes,no,no,yes,no,no,yes
no,yes,yes,yes,no,no,yes,yes,yes,yes,no,yes,yes,yes,no,no,yes
yes,yes,no,no,yes,yes,yes,no,yes,yes,no,no,no,yes,yes,yes,yes
yes,no,no,yes,yes,no,yes,yes,no,yes,no,yes,no,no,yes,no,yes
yes,yes,yes,no,no,no,no,yes,no,yes,no,no,no,no,yes,yes,no
yes,yes,no,yes,no,no,no,no,yes,yes,no,no,yes,no,no,no,no
yes,yes,no,no,no,no,no,yes,no,no,yes,no,yes,yes,yes,no,no
yes,yes,no,no,no,no,no,yes,no,yes,yes,yes,no,yes,no,no,no
no,yes,yes,no,yes,no,yes,yes,no,yes,yes,no,no,no,no,yes,yes
no,yes,no,no,no,no,yes,yes,yes,yes,no,no,yes,no,no,no,no
no,no,yes,yes,yes,yes,yes,no,yes,yes,yes,yes,yes,yes,no,yes,yes
no,yes,yes,no,no,yes,yes,no,no,yes,no,yes,yes,yes,yes,yes,no
no,yes,no,no,no,yes,yes,yes,yes,yes,no,no,yes,yes,yes,no,yes
no,yes,no,no,yes,yes,no,yes,yes,no,yes,yes,yes,no,no,no,no
yes,yes,no,yes,no,yes,no,no,yes,no,yes,no,no,yes,yes,no,no
yes,yes,no,yes,yes,yes,yes,yes,no,yes,no,no,yes,no,no,yes,yes
yes,yes,no,no,yes,yes,yes,no,yes,no,yes,no,no,yes,no,yes,yes
yes,yes,yes,yes,no,no,no,yes,no,no,no,yes,yes,yes,yes,no,no
no,yes,yes,no,yes,yes,no,no,no,no,no,yes,no,no,no,yes,no
no,no,yes,no,yes,yes,yes,no,no,no,yes,no,no,yes,no,yes,no
yes,yes,yes,no,no,yes,yes,yes,no,yes,yes,no,yes,no,yes,yes,yes
yes,no,yes,no,no,yes,no,yes,no,no,yes,yes,yes,no,yes,yes,no
no,no,no,yes,no,yes,no,no,no,no,no,no,no,yes,no,yes,no
yes,no,yes,yes,yes,yes,yes,yes,no,yes,no,no,no,no,no,yes,yes
no,yes,yes,yes,no,yes,no,yes,no,yes,no,no,no,no,yes,no,yes
yes,no,yes,no,yes,yes,yes,yes,yes,yes,no,no,yes,no,yes,no,yes
yes,no,yes,yes,yes,no,no,no,no,yes,no,no,yes,no,yes,no,no
no,no,yes,no,yes,yes,no,yes,no,yes,no,no,yes,no,yes,yes,no
no,no,yes,no,yes,yes,no,no,yes,yes,yes,no,no,yes,no,no,no
yes,yes,yes,no,yes,yes,no,yes,no,yes,no,no,yes,no,yes,no,yes
yes,no,no,no,yes,no,yes,yes,yes,no,yes,yes,yes,no,no,no,no
no,yes,no,no,yes,yes,no,yes,yes,yes,yes,no,yes,no,no,no,yes
yes,yes,no,yes,yes,yes,no,yes,no,no,no,yes,no,yes,yes,yes,yes
no,yes,no,yes,yes,no,yes,no,yes,no,yes,no,no,yes,yes,yes,no
no,yes,no,yes,no,yes,no,no,yes,no,no,no,no,no,yes,yes,no
no,no,no,yes,yes,yes,no,yes,no,no,no,no,no,yes,yes,no,no
yes,no,yes,yes,no,yes,yes,no,no,no,no,no,no,yes,no,yes,no
yes,no,no,no,yes,no,no,yes,yes,yes,no,no,no,yes,no,no,no
no,no,yes,yes,yes,yes,no,no,no,no,no,yes,yes,no,yes,yes,no
yes,yes,yes,no,no,yes,yes,no,no,yes,yes,no,yes,no,yes,no,yes
yes,no,yes,no,yes,no,yes,yes,no,yes,yes,yes,no,no,no,no,yes
no,yes,no,no,no,yes,yes,no,no,no,yes,yes,yes,yes,no,no,no
no,yes,no,no,no,no,no,no,no,yes,yes,no,no,yes,no,yes,no
yes,yes,no,no,yes,no,no,yes,no,no,no,yes,yes,no,no,no,no
no,yes,no,no,no,yes,yes,yes,yes,yes,yes,no,no,yes,no,no,yes
no,no,no,yes,no,no,no,no,no,yes,no,no,yes,yes,no,yes,no
yes,yes,no,yes,no,no,yes,no,no,yes,no,no,yes,no,yes,yes,no
yes,yes,no,no,yes,yes,yes,yes,no,no,yes,no,yes,yes,no,no,yes
yes,no,no,yes,yes,no,no,no,no,no,no,yes,yes,yes,no,no,no
yes,yes,yes,yes,yes,no,no,no,yes,yes,no,yes,no,no,no,yes,yes
no,no,no,no,yes,yes,yes,no,no,no,no,no,no,no,yes,no,no
yes,no,yes,no,no,yes,yes,yes,no,yes,no,yes,yes,no,no,yes,yes
yes,no,yes,no,yes,yes,no,yes,no,no,no,no,no,no,no,no,no
yes,yes,no,yes,yes,yes,yes,no,no,no,yes,yes,yes,no,yes,no,yes
no,no,no,yes,no,no,no,no,yes,no,yes,yes,yes,no,yes,no,no
yes,no,no,yes,yes,yes,yes,yes,yes,no,yes,yes,no,no,no,no,yes
yes,yes,no,no,yes,no,yes,no,no,no,no,no,yes,yes,yes,no,no
no,yes,yes,no,yes,no,yes,yes,no,no,yes,no,no,no,yes,no,no
yes,no,no,yes,yes,no,no,yes,no,no,yes,yes,yes,yes,no,yes,no
yes,yes,no,no,no,yes,no,no,no,no,no,no,yes,no,no,yes,no
yes,yes,yes,no,yes,yes,yes,yes,no,yes,yes,no,yes,yes,yes,yes,yes
yes,yes,no,no,yes,no,no,no,yes,yes,yes,no,yes,yes,yes,yes,no
yes,yes,yes,no,yes,no,no,no,yes,no,yes,no,yes,no,no,yes,no
no,no,yes,no,yes,yes,no,yes,no,yes,yes,yes,yes,yes,yes,no,no
no,yes,yes,no,yes,yes,no,yes,no,no,no,no,yes,no,yes,yes,no
yes,yes,no,yes,no,yes,no,no,no,no,yes,yes,yes,no,yes,yes,no
yes,yes,no,no,no,yes,no,yes,yes,yes,yes,yes,yes,yes,yes,no,yes
yes,no,yes,no,yes,no,no,no,no,yes,yes,no,yes,yes,yes,no,no
no,yes,no,yes,yes,yes,yes,no,no,no,no,no,no,no,yes,no,no
no,no,no,yes,yes,no,no,yes,yes,no,no,yes,no,no,yes,no,no
no,yes,yes,yes,no,no,no,yes,no,no,no,yes,no,yes,yes,no,no
yes,no,yes,no,yes,yes,no,yes,yes,no,no,yes,yes,no,yes,no,yes
no,no,no,yes,no,yes,no,no,yes,yes,yes,no,no,yes,no,yes,no
no,no,no,no,yes,yes,no,no,no,no,yes,yes,yes,no,yes,no,no
no,no,yes,no,no,yes,no,yes,yes,yes,yes,yes,no,yes,no,no,no
yes,no,no,no,no,no,no,no,no,no,no,yes,no,no,yes,no,no
yes,yes,yes,yes,yes,yes,no,yes,yes,yes,no,yes,no,yes,no,no,yes
yes,yes,yes,yes,no,no,yes,yes,no,no,no,no,no,no,yes,no,yes
no,yes,yes,yes,yes,no,yes,yes,no,no,no,yes,no,no,yes,no,yes
no,no,no,no,no,no,yes,yes,yes,no,no,yes,yes,no,yes,yes,no
no,yes,yes,yes,yes,no,no,yes,no,no,no,yes,no,no,no,no,no
yes,no,yes,no,yes,yes,yes,yes,no,no,no,no,yes,no,yes,yes,yes
no,no,yes,no,yes,no,no,yes,yes,yes,yes,no,yes,yes,yes,yes,no
yes,no,no,no,no,no,no,no,yes,no,yes,yes,no,no,yes,no,no
yes,no,yes,yes,yes,no,yes,no,yes,yes,no,no,no,yes,no,no,yes
no,no,no,yes,yes,yes,no,yes,no,no,yes,no,yes,yes,no,yes,no
no,yes,no,no,yes,no,yes,no,no,yes,yes,yes,yes,no,yes,yes,no
yes,no,yes,yes,no,yes,yes,yes,yes,yes,yes,no,no,no,no,yes,yes
yes,no,no,yes,yes,yes,no,no,no,no,yes,yes,yes,yes,yes,no,no
no,yes,no,no,no,no,yes,no,no,no,no,yes,no,no,yes,no,no
yes,yes,no,yes,no,no,yes,yes,no,yes,yes,no,no,no,yes,yes,yes
no,yes,no,yes,no,no,no,yes,no,no,yes,yes,no,yes,yes,no,no
yes,no,no,no,no,yes,no,yes,yes,yes,yes,no,yes,no,yes,no,no
yes,yes,yes,yes,no,no,yes,yes,no,no,no,no,yes,yes,yes,no,yes
no,yes,no,no,no,no,no,yes,no,yes,no,no,yes,no,no,yes,no
no,no,no,no,yes,no,yes,no,yes,yes,yes,no,yes,yes,yes,no,no
yes,no,yes,no,no,no,yes,yes,yes,yes,yes,yes,no,no,yes,yes,yes
no,yes,no,yes,yes,no,no,yes,no,yes,no,yes,no,no,yes,yes,no
no,yes,no,yes,no,no,yes,no,yes,no,no,yes,no,yes,yes,yes,no
no,no,no,no,yes,no,no,yes,yes,yes,no,yes,yes,no,no,yes,no
yes,yes,no,yes,yes,yes,no,yes,no,yes,no,yes,yes,yes,yes,yes,yes
no,no,no,yes,yes,no,yes,yes,yes,yes,yes,no,yes,no,no,yes,yes
yes,yes,yes,no,no,no,yes,yes,no,no,no,no,yes,yes,no,no,no
yes,yes,no,no,yes,yes,no,yes,no,no,yes,no,yes,yes,no,yes,no
no,no,yes,yes,yes,no,yes,no,no,no,no,yes,yes,no,no,no,no
yes,yes,yes,yes,no,no,yes,yes,yes,yes,yes,yes,yes,yes,yes,no,yes
yes,no,no,yes,no,yes,yes,yes,no,no,no,yes,no,yes,yes,no,no
yes,yes,no,no,yes,yes,no,no,no,no,no,no,no,yes,no,no,no
no,no,no,yes,no,no,yes,no,yes,yes,yes,no,yes,yes,no,no,no
no,yes,yes,no,yes,yes,no,yes,no,yes,no,no,no,yes,no,yes,yes
yes,no,yes,yes,no,yes,no,no,no,yes,yes,no,yes,no,yes,no,no
yes,no,no,yes,no,yes,yes,no,no,no,no,yes,yes,yes,yes,no,no
no,yes,yes,no,no,no,yes,no,no,yes,yes,yes,yes,yes,no,yes,no
no,no,no,yes,no,no,no,yes,no,yes,yes,yes,no,no,no,no,no
yes,no,yes,no,yes,no,yes,no,yes,yes,no,yes,no,yes,no,no,yes
